Column 1	Column 2 1	Column 2 2	Column 2 3	Column 2 4	Column 2 5	Column 2 6
53	by Virginia Woolf					
53	by Leslie A. Fiedler					
53	by Tom Scott					
53	by Dazai Osamu					
53	by Christopher Isherwood					
53	by Alberto de Lacerda					
53	by Dr.Edith Sitwell					
53	by Denis de Rougemont					
53	by C. Day Lewis					
53	by Albert Camus					
53	by Nicolas Nabokov					
53	by Nathan Glazer					
53	by Irving Kristol					
53	by Stephen Spender					
53	by Mark Alexander					
53	by J.K. Galbraith					
53	by Hugh Seton-Watson					
53	by Nicola Chiaromonte					
53	by Melvin J. Lasky					
53	by W.H. Auden					
53	by W.B. Yeats					
53	by Arthur Koestler					
53	by Herbert Luthy					
53	by Michael Hamburger					
53	by Raymond Rosenthal					
53	by Rose Macaulay					
53	by Raja Rao					
53	by Frances Cornford					
53	by Herbert Read					
53	by Stephen Spender					
53	by Norbert Muhlen					
53	by David Wright					
53	by Eric da Costa					
53	by Bertrand Russell					
53	by Arthur Schlesinger					
53	by Robert Gorham Davis					
53	by Golo Mann					
53	by Stephen Spender					
53	by Robert Graves					
53	Woodrow Wyatt					
53	G.F. Hudson					
53	by Arthur Waley					
53	by D.H. Lawrence					
53	by J. Maclaren-Ross					
53	by Geoffrey Gorer					
53	by Chester Kallman					
53	by Melvin J. Lasky					
53	by Harold Rosenberg					
53	by Dr.Sampurnanand					
53	by W.H. Auden					
53	by Max Beloff					
53	by Humphrey Searle					
54	by Irving Kristol					
54	by Wilfred Noyce					
54	Daniel Jones					
54	Theodore Roethke					
54	Louis MacNeice					
54	Marjorie Adix					
54	George Barker					
54	by Rita Hinden					
54	by Wyndham Lewis					
54	by Elizabeth Jennings					
54	by W.S. Graham					
54	by Alec Waugh					
54	by W.H. Auden					
54	by F.R. Allemann					
54	by Francois Bondy					
54	by Herbert Luthy					
54	by Franz Borkenau					
54	by Robert Conquest					
54	by Asoka Mehta	 Philip Spratt	 Ignazio Silone			
54	by John Morris					
54	by V. Sackville-West					
54	by Alison Blair					
54	by Stephen Spender					
54	by Irving Kristol					
54	by Aldous Huxley					
54	by Sydney Goodsir Smith					
54	by Silvio D'Arzo					
54	by Herbert Luthy					
54	by Edmund Blunden					
54	by Mary McCarthy					
54	by Alan Ross					
54	by Eric da Costa					
54	by Frances Cornford					
54	by Christopher Hollis	 Geoffrey Minish	 J.M. Lebrecht-Ellis	 B.A. Young		
54	by C.V. Wedgwood					
54	by W.H. Auden					
54	by Franz Borkenau					
54	by M.C. D'Arcy					
54	by Stephen Spender					
54	by J.R. Ackerley					
54	by Theodore Roethke					
54	by Robert Warshow					
54	by David Sylvester					
54	by Albert Camus					
54	by Colin Clark					
54	by William Sansom					
54	by Alan Ross					
54	by Deben Bhattacharya					
54	by Marianne Moore					
54	by Leslie A. Fiedler					
54	by Leonard Woolf	 Arthur Koestler	 Hugh Seton-Watson	 Christopher Emmet		
54	by Joseph Czapski					
54	by Salvador de Madariaga					
54	by Geoffrey Gorer					
54	by J. Maclaren-Ross					
54	by W.H. Auden					
54	by Woodrow Wyatt					
54	by Christopher Sykes					
54	by Burns Singer					
54	by Dannie Abse					
54	by Norbert Muhlen					
54	by Robert Lowell					
54	by Paul Roche					
54	by George Mikes					
54	by T.R. Fyvel					
54	by Humphrey Searle					
54	by Francois Bondy					
54	by Hilary Corke					
54	by Reyner Banham					
54	by J.B. Priestley	 Donald R.S. Dey	 Ravinder Kumar	 K.L. Goswami	 K.S. Sorabji	
54	by William Barrett					
54	by Hugh Seton-Watson					
54	by Leslie A. Fiedler					
54	by Elizabeth Jennings					
54	by Leonard Woolf					
54	by R.G.G. Price					
54	by Joseph Chiari					
54	by Villiers David					
54	by Donald Davie					
54	by Arthur Koestler					
54	by D.J. Enright					
54	by Kenneth Tynan					
54	by Alan Ross					
54	by William Plomer					
54	by Herbert Luthy					
54	by Mary Richwood					
54	by W.S. Merwin					
54	by Edwin Muir					
54	by Nathan Glazer					
54	by George Mikes					
54	by Paul Parisot					
54	by Alan Clutton-Brock					
54	by Daphne Whittam					
54	by R.H.S. Crossman	 S. Thomas Ansell	 Anthony Thwaite	 Cyril Lucas	 Peter Marks	
54	by D.W. Brogan					
54	by Stuart Hampshire					
54	by T.R. Fyvel					
54	by Christopher Morris					
54	by David Paul					
54	by Daniel Bell					
54	by Sylvia Wilson					
54	by Nirad C. Chaudhuri					
54	by David Wright					
54	by W.H. Auden					
54	by Iain Fletcher					
54	by George Barker					
54	by Vernon Watkins					
54	by Huw Menai					
54	by David Lougee					
54	by Mark Alexander					
54	by Kathleen Raine					
54	by George Aldis					
54	by Max Beloff					
54	by Paul M.A. Linebarger					
54	by Howard Griffin					
54	by William Glock					
54	by T.R. Fyvel	 Richard Hughes-Hallett	 Roy Wilkie	 Constance Malleson		
54	by Michael Oakeshott					
54	by Hilary Corke					
54	by G.F. Hudson					
54	by Kathleen Nott					
54	by Dylan Thomas					
54	by Bertrand Russell					
54	by R.S. Thomas					
54	by Louis MacNeice					
54	by Daniel J. Boorstin					
54	by Anthony Thwaite					
54	by Rainer Maria Rilke	 Iris Origo				
54	by Lucian Freud					
54	by Jack Curtis					
54	by Stephen W. Pollak	 Vilem Bernard				
54	by Vernon Scannell					
54	by W.H. Auden					
54	by George Mikes					
54	by S. Rajee					
54	by Patric Dickenson	 Gunnar Gunnarsson	 C. Ender	 Borje P. Law	 E. Rubbra	 Ghita Ionescu
54	by Erik de Mauny					
54	by A.J. Ayer					
54	by Irving Kristol					
54	by C.V. Wedgwood					
54	by Philip Sherrard					
54	by Lee Kok Liang					
54	by Leslie A. Fiedler					
54	by Randall Jarrell					
54	by John Muggeridge					
54	by Sybille Bedford					
54	by Raymond Aron					
54	by Denis de Rougemont					
54	by J. Maclaren-Ross					
54	by Colin Clark					
54	by Angus Wilson					
54	by Christopher Sykes					
54	by T.R. Fyvel					
54	by Hugh Seton-Watson					
54	by Hilary Corke					
54	by Han-shan					
54	by Lionel Trilling					
54	by George Bernard Shaw					
54	by Richard Wright					
54	by David Riesman					
54	by J.B. Priestley					
54	by Christopher Hollis					
54	by Max Beloff					
54	by Elizabeth Jennings					
54	by David Sylvester					
54	by Alfred Burmeister	 G.B. Bailey	 Henry Hellmann			
54	by Christopher Sykes					
54	by James Joll					
54	by Alan Bullock					
54	by G.F. Hudson					
54	by Leonard Woolf					
54	by William Faulkner					
54	by P.G. Wodehouse					
54	by Christopher Strachey					
54	by Arnold J. Toynbee					
54	by Tom Scott					
54	by Jossleyn Hennessy					
54	by Dan Jacobson					
54	by Michael Hamburger					
54	by Patric Dickinson					
54	by Sacheverell Sitwell					
54	by J.M. Cameron					
54	by Dannie Abse					
54	by Salvador de Madariaga	 Fredie A. Mehta	 J.W. Bruegel	 Cyril Lucas	 M.S. Deol	
54	by Christopher Sykes					
54	by Arthur Schlesinger					
54	by Burns Singer					
54	by William Pickles					
54	by Anna Maria Ortese					
54	by Philip Toynbee					
54	by Donald Davie					
54	by P.G. Worsthorne					
54	by Dylan Thomas	 James Stephens	 Gerald Bullett			
54	by Sylvia Sprigge					
54	by David Wright					
54	by Jessie D. Wall					
54	by P.G. Wodehouse					
54	by David Sylvester					
54	by Thierry Maulnier					
54	by Ralph Keene					
54	by R.B. Joshi	 W.L. Kulkarni	 G.B. Gramopadhye	 Sydney Mendel		
54	by Theodore Roethke					
54	by W.H. Auden					
54	by Christopher Sykes					
54	by Hilary Corke					
54	by Jossleyn Hennessy					
54	by John Morris					
54	by Hallam Tennyson					
54	by Minoo R. Masani					
54	by Louis MacNeice					
54	by Harold Rosenberg					
54	by Ignazio Silone					
54	by Peter Wiles					
54	by Walter de la Mare					
54	by Jibanananda Das					
54	by Irving Kristol					
54	by W.S. Merwin					
54	by William Petersen					
54	by David Sylvester					
54	by R.S. Thomas					
54	by Christopher Sykes					
54	by Maurice Cranston					
54	by Anthony Quinton					
54	by D.W. Brogan					
55	by Herbert Read					
55	by T.R. Fyvel					
55	by D.J. Enright					
55	by Cyril Connolly					
55	by Raymond Aron					
55	by Cavafis					
55	by Leslie A. Fiedler					
55	by George Woodcock					
55	by Timothy Angus Jones					
55	by David Sylvester					
55	by Philip Sherrard	 Mary Warnock	 Andor Gomme	 Marjorie Grene	 Philip Toynbee	
55	by Irving Kristol					
55	by Asa Briggs					
55	by Gerald Brenan					
55	by Hugh Seton-Watson					
55	by G.F. Hudson					
55	by Karl A. Wittfogel					
55	by Albert Dasnoy					
55	by W.H. Auden					
55	by Christopher Hollis					
55	by Richard Eberhart					
55	by Roy Fuller					
55	by Francis King					
55	by Alfred Cobban					
55	by John Holloway					
55	by W.S. Graham					
55	by F.N. Souza					
55	by Maurice Cranston	 J.W.N. Watkins				
55	by Robert Conquest					
55	by Michael Kitson					
55	by Hans Weigel					
55	by Herbert Passin					
55	by Christopher Sykes					
55	by Hilary Corke					
55	by Alfred Burmeister					
55	by Anthony Quinton					
55	by Andrzej Panufnik					
55	by Nicola Chiaromonte					
55	by Alan Riddell					
55	by Stephen Spender					
55	by Kay Cicellis					
55	by Howard Griffin					
55	by Michael Polanyi					
55	by David Sylvester					
55	by Frances Cornford					
55	by Peter Schmid					
55	by Clinton Rossiter					
55	by Marjorie Grene					
55	by Kenichi Yoshida					
55	by Christopher Sykes					
55	by Hans J. Morgenthau					
55	by James Stern					
55	by Kathleen Raine					
55	by T.R. Fyvel					
55	by Edward Shils					
55	by Alan Ross					
55	by George Stafford Gale					
55	by Kenneth Tynan					
55	by Richard Selig					
55	by William Sansom					
55	by William Glock					
55	by Herbert Luthy					
55	by Michael Baldwin					
55	by David Sylvester					
55	by Elizabeth Jennings					
55	by A.J. Ayer	 Herbert Read				
55	by Vincent Buckley					
55	by W.H. Auden					
55	by Christopher Sykes					
55	by Kingsley Amis					
55	by John Morris					
55	by Anthony Quinton					
55	by Francis Huxley					
55	by Kathleen Raine					
55	by James Stern					
55	by H.G. Whiteman					
55	by Arthur Koestler					
55	by Peter Mayne					
55	by Nissim Ezekiel					
55	by Marcus Cunliffe					
55	by I.A. Richards					
55	by Robert Liddell					
55	by G.F. Hudson					
55	by David Sylvester					
55	by G.N.S. Raghavan					
55	by H.R. Trevor-Roper					
55	by Philip Deane					
55	by John Day	 Patrick Leigh Fermor				
55	by Angus Wilson					
55	by Christopher Sykes					
55	by Anthony Quinton					
55	by James Stern					
55	by Karl Shapiro					
55	by SirDavid Kelly					
55	by Emily Hahn					
55	by Hilary Corke					
55	by Isaiah Berlin					
55	by Chester Kallman					
55	by Golo Mann					
55	by Terence Tiller					
55	by Kingsley Amis					
55	by D.W. Brogan					
55	by John Morris					
55	by John Wain	 R.H.S. Crossman	 H.O. Alexander	 John Lehmann	 Eric Lee	
55	by Angus Wilson					
55	by Edward Crankshaw					
55	by Max Beloff					
55	by James Stern					
55	by Eric Ashby					
55	by Denis Healey					
55	by Denis Healey					
55	by Edmund Wilson					
55	by Richard Selig					
55	by Robert Graves					
55	by F.R. Allemann					
55	Philip O'Connor					
55	by Oliver Bernard					
55	by Hilary Corke					
55	by Francis Watson					
55	by George Aldis					
55	by D.W. Brogan					
55	by Herbert Read					
55	by Aubrey Hodes					
55	by Peregrine Worsthorne					
55	by Tom Money	 Douglas E.P. Bradbury	 William H. Wise	 Michael K. Newton	 Marjorie G	
55	by Angus Wilson					
55	by Christopher Sykes					
55	by T.R. Fyvel					
55	by David Hawkes					
55	by James Stern					
55	by Herbert Luthy					
55	by Leslie A. Fiedler					
55	by Richard Wright					
55	by Alberto Moravia					
55	by Stuart Hampshire					
55	by J.F. Hendry					
55	by Burns Singer					
55	by Colin Clark					
55	by Richard Murphy					
55	by D.W. Brogan					
55	by Gertrude Himmelfarb					
55	by Elizabeth Jennings					
55	by George Mikes					
55	by O.H. Brandon					
55	by SirJohn Slessor	 Cedric Dover	 William Empson	 Karl A. Wittfogel	 Robert Redfiel	
55	by Christopher Sykes					
55	by Angus Wilson					
55	by Hilary Corke					
55	by Woodrow Wyatt					
55	by Andrew Forge					
55	by Kathleen Nott					
55	by Nancy Mitford					
55	by Elizabeth Jennings					
55	by Juan Rulfo					
55	by Luigi Barzini Jr.					
55	by Roy Ashwell					
55	by Arthur Koestler					
55	by W.S. Merwin					
55	by Hugh Seton-Watson					
55	by Michael Polanyi					
55	by D.W. Brogan					
55	by William Petersen					
55	by Arnold Weinstein					
55	by Herbert Butterfield					
55	by Christopher Sykes					
55	by Hilary Corke					
55	by Angus Wilson					
55	by C.V. Wedgwood					
55	by Laurens van der Post					
55	by Claud Cockburn					
55	by Sydney Goodsir Smith					
55	by A.J. Ayer					
55	by Walter Z. Laqueur					
55	by Richard Lowenthal					
55	by Geoffrey Gorer					
55	by SirJohn Cockcroft					
55	by Irving Kristol					
55	by Herbert Passin					
55	by Denys Sutton					
55	by Margaret Rawlings	 Hilary Corke	 Ronald Vincent Smith	 William Phillips		
55	by Arthur Schlesinger					
55	by Christopher Sykes					
55	by T.R. Fyvel					
55	by Hilary Corke					
55	by Abioseh D. Nicol					
55	by Alan S.C. Ross					
55	by Isaiah Berlin					
55	by Christopher Levenson					
55	by W.H. Auden					
55	by Ardon Lyon					
55	by Hugh Gaitskell					
55	by Stephen Spender					
55	by David Sylvester					
55	by Edward Shils					
55	by Alec Brown	 Edmund Wilson	 William Empson	 George Mikes	 Lilian G. Clark	
55	by Peter Wiles					
55	by Richard Wollheim					
55	by Philip Toynbee					
55	by Christopher Sykes					
55	by Hilary Corke					
55	by David Daiches					
55	by T.R. Fyvel					
55	by G.S. Fraser					
55	by Elizabeth Jennings	 Kathleen Nott				
55	by Aldous Huxley					
55	by Frances Cornford					
55	by Evelyn Waugh					
55	by Herbert Luthy					
55	by Isaiah Berlin					
55	by Elizabeth Hardwick					
55	by Robert Horan					
55	by Robert Fitzgerald					
55	by Thom Gunn					
55	by Theodore Roethke					
55	by Vernon Watkins					
55	by W.S. Merwin					
55	by Edwin Muir					
55	by David Wright					
55	by Burns Singer					
55	by Stephen Spender					
55	by Colin MacInnes					
55	by Robert Jungk					
55	by Dwight MacDonald					
55	by Colin Clark					
55	by Irving Kristol					
55	by Angus Wilson					
55	by Marcus Cunliffe					
55	by Christopher Sykes					
55	by Hilary Corke					
55	by Rayner Heppenstall					
56	by Peregrine Worsthorne					
56	by D.J. Enright					
56	by Luigi Barzini Jr.					
56	by Emily Hahn					
56	by Richard Selig					
56	by Bertram D. Wolfe					
56	by George Mackay Brown					
56	by J. Maclaren-Ross					
56	by Julian Mitchell					
56	by Stephen Spender					
56	by Daniel Bell					
56	by G.N.S. Raghavan					
56	by Andrew Forge					
56	by David Sylvester					
56	by Christopher Sykes	 Wayland Young	 Doolittle	 Michael Dugdale	 Olive Lloyd-Baker	
56	by Irving Kristol					
56	by Burns Singer					
56	by Angus Wilson					
56	by Hilary Corke					
56	by David Wright					
56	by Laurie Lee					
56	by Czeslaw Milosz					
56	by Philip Sherrard					
56	by Dylan Thomas					
56	by Eric C. Gifford					
56	by Stephen Spender					
56	by Wyndham Lewis					
56	by Cyril Connolly					
56	by Patrick Heron	 Basil Taylor				
56	by G.N.S. Raghavan					
56	by Erich Heller					
56	by The Duchess of Devonshire	 Frank Shaw	 Cedric Dover	 Fei Hsiao-Tung	 Mrs.Robert 	
56	by Minoo R. Masani	 Max Beloff				
56	by Gregory Grossman	 Colin Clark				
56	by Irving Kristol					
56	by Christopher Sykes					
56	by Hilary Corke					
56	by Angus Wilson					
56	by Burns Singer					
56	Roy Jenkins					
56	Henry Fairlie					
56	by Randolph S. Churchill					
56	by Cyril Connolly					
56	by Bertrand de Jouvenel					
56	by Michael Hamburger					
56	by Stephen Spender					
56	by Amlan Datta	 Reyner Banham	 Andrew Forge	 B.J. Stevens	 Mochtar Lubis	
56	by Stuart Hampshire					
56	by Angus Wilson					
56	by C.A.R. Crosland					
56	by Hilary Corke					
56	by Irving Kristol					
56	by Andrew Forge					
56	by Vijaya Lakshmi Pandit					
56	by Rodrigo Moynihan					
56	by Adrian Stokes					
56	by Lawrence Alloway					
56	by David Sylvester					
56	by John Russell					
56	by Goronwy Rees					
56	by Patrick Gordon Walker					
56	by Anthony Cronin					
56	by W.H. Auden					
56	by Roger Caillois					
56	by Kingsley Amis					
56	by Alfred Burmeister					
56	by Herbert Passin	 Fritz van Briessen				
56	by George Mikes					
56	by Michael Swan					
56	by Angus Wilson					
56	by Irving Kristol					
56	by Stuart Hampshire					
56	by Hilary Corke					
56	by Lulian Huxley					
56	by David Wright					
56	by Edmund Wilson					
56	by Oliver Bernard					
56	by Ibuse Masuji					
56	by D.J. Enright					
56	by Isaiah Berlin					
56	by Mark Abrams					
56	by Martha Gellhorn					
56	by Sandy Wilson					
56	by D. Mack Smith					
56	by Richard Lowenthal					
56	by George Barker					
56	by Louis J. Halle					
56	by R.H.S. Crossman	 M.C. D'Arcy		 Rupert Gleadow	 C.A. Trypanis	 P.J.D. Wiles
56	by Stephen Spender					
56	by Irving Kristol					
56	by Hilary Corke					
56	by Stuart Hampshire					
56	by Christopher Sykes					
56	by G.L. Arnold					
56	by Wayland Young					
56	by T.R. Fyvel					
56	by Charles Curran					
56	by Dan Jacobson					
56	by Joseph Alsop	 Stewart Alsop				
56	by Dwight MacDonald					
56	by Ignazio Silone					
56	by Louis J. Halle					
56	by Edward Crankshaw					
56	by Leslie C. Stevens					
56	by R.H.S. Crossman					
56	by Frank Moraes					
56	by Patrick Leigh Fermor					
56	by Luigi Barzini Jr.					
56	by I.A. Richards					
56	by Stephen Spender					
56	by Manes Sperber					
56	by Vernon Watkins	 Edward L. Bernays	 H.G. Hall	 Margaret Cole	 Elizabeth Young	
56	by Irving Kristol					
56	by David Wright					
56	by Hilary Corke					
56	by Angus Wilson					
56	by Christopher Sykes					
56	by C.A.R. Crosland					
56	by Oliver Bernard					
56	by Robert Fitzgerald					
56	by Mervyn Peake)					
56	by Herbert Luthy					
56	by Walter de la Mare					
56	by Edwin Muir					
56	by Vernon Watkins					
56	by James McAuley					
56	by Richard Selig					
56	by Roy Fuller					
56	by Stephen Spender					
56	by Vitaliano Brancati					
56	by Jascha Kessler					
56	by Daniel Bell					
56	by Nora Wydenbruck					
56	by David Watmough	 L. Japolsky	 Philip Sherrard			
56	by Hilary Corke					
56	by Marcus Cunliffe					
56	by Richard Lowenthal					
56	by Irving Kristol					
56	by R.A. Scott-James					
56	by William H. Whyte Jr.					
56	by William Sansom					
56	by Nora Beloff					
56	by K.A. Jelenski					
56	by C.A.R. Crosland					
56	by Patricia Hutchins					
56	by Seymour M. Lipset					
56	by David Sylvester					
56	by Stephen Spender					
56	by Peter Laslett	 T.E. Utley				
56	by Hilary Corke					
56	by Irving Kristol					
56	by Angus Wilson					
56	by Christopher Sykes					
56	by Peter Wiles					
56	by Aldous Huxley					
56	by Dwight MacDonald					
56	by Eduardo Paolozzi)					
56	by C.A.R. Crosland					
56	by Boris Ford					
56	by A.R. Vidler					
56	by Stephen Spender					
56	by Herbert Passin					
56	by George Mikes					
56	by David Sylvester					
56	by E.J. Hobsbawm	 Herbert Luthy	 Dwight MacDonald	 Hilary Corke	 W.L. Ricketts	
56	by Irving Kristol					
56	by A.J. Ayer					
56	by Irving Kristol					
56	by W.H. Auden					
56	by Richard Lowenthal					
56	by Stuart Hampshire					
56	by Hilary Corke					
56	by Richard Wollheim					
56	by Peter Wiles					
56	by Edmund Wilson					
56	by Pat Kavanagh					
56	by V.S. Pritchett					
56	by C.A. Trypanis					
56	by Kathleen Nott					
56	by John Strachey					
56	by Stephen Spender					
56	by Renford Bambrough	 E.W. Beal	 Hilary Corke	 Lionel Brett	 H.H.G. Arthur	
56	by Victor Willing					
56	by Augustus John					
56	by Richard Selig					
56	by Irving Kristol					
56	by David Wright					
56	by Marcus Cunliffe					
56	by Angus Wilson					
56	by Christopher Sykes					
56	by Hilary Corke					
56	by Alberto Moravia					
56	by Dwight MacDonald					
56	by Peregrine Worsthorne					
56	by Elizabeth Jane Howard					
56	by Ernest Gellner					
56	by Norman Levine					
56	by Kathleen Raine					
56	by Colin MacInnes					
56	by Basil Taylor					
56	by Robert Wernick	 Daya Krishna	 Rosemary Stewart	 Donald Davie	 Anthony Luttrell	
56	by Geoffrey Gorer					
56	by Irving Kristol					
56	by Marcus Cunliffe					
56	by Maurice Cranston					
56	by Hilary Corke					
56	by Francois Bondy					
56	by Michael Polanyi					
56	by Mary Cecil					
56	by Burns Singer					
56	by Lionel Trilling					
56	by Irving Layton					
56	by Gore Vidal					
56	by William Plomer					
56	by Maurice Cranston					
56	by Dwight MacDonald					
56	by George Mikes					
56	by Stephen Cang	 G.H. Elliot	 Czeslaw Milosz	 Leslie Johnson	 Sonia Converse	
56	by Irving Kristol					
56	by A.J. Ayer					
56	by David Wright					
56	by Christopher Sykes					
56	by Angus Wilson					
56	by Rita Hinden					
57	by Dwight MacDonald					
57	by Peter Wiles					
57	by Colin Wilson					
57	by Stuart Hampshire					
57	by Andrew Shonfield					
57	by Yukio Mishima					
57	by James Baldwin					
57	by Stephen Spender					
57	by Colin MacInnes					
57	by W.H. Auden					
57	by Marjorie Bremner					
57	by Milton Friedman					
57	by Malcolm Muggeridge					
57	by Herbert Butterfield					
57	by Hilary Corke					
57	by Marcus Cunliffe					
57	by Rayner Heppenstall					
57	by Irving Kristol					
57	by C. Day Lewis					
57	by Kathryn Feuer					
57	by Ann Chadwick					
57	by Wayland Young					
57	by Charles Causley					
57	by Dwight MacDonald					
57	by Anthony West					
57	by Dom Moraes					
57	by Patrick Leigh Fermor					
57	by Colin Welch					
57	by K.A. Jelenski	 P.J.D. Wiles	 Lionel Robbins	 C.L. Gheevala	 Charles Higham	
57	by Stephen Spender					
57	by Hilary Corke					
57	by Angus Wilson					
57	by David Wright					
57	by Edith Sitwell					
57	by A.J.P. Taylor					
57	by Leslie A. Fiedler					
57	by Howard Griffin					
57	by Colin MacInnes					
57	by Daniel Lerner					
57	by Herbert Passin					
57	by D.J. Enright					
57	by Dwight MacDonald					
57	by Apollinaire					
57	by Burns Singer					
57	by Lawrence Alloway					
57	by Stephen Spender					
57	by William Plomer	 G.S. Fraser	 Abioseh Nicol	 J. O'Neil Lewis		
57	by Christopher Sykes					
57	by W.H. Auden					
57	by Irving Kristol					
57	by Hilary Corke					
57	by Marcus Cunliffe					
57	by Anthony Cronin					
57	by Albert Camus					
57	by Paul Ignotus					
57	by Seymour Martin Lipset					
57	by Richard Eberhart					
57	by David Sylvester					
57	by Angus Maude					
57	by Alastair Reid					
57	by H.J. Kaplan					
57	by William Plomer					
57	by Elizabeth Jennings					
57	by Nirad C. Chaudhuri					
57	by Richard Eberhart					
57	by Daniel Bell					
57	by J.T. Goldblatt	 Janet Whitney	 Gosta Langenfelt	 J. Barents	 Ernest Gellner	
57	by Dwight MacDonald					
57	by Herbert Butterfield					
57	by Oliver Bernard					
57	by Burns Singer					
57	by Stuart Hampshire					
57	by Morton White					
57	by Deben Bhattacharya					
57	by Angus Wilson					
57	by David Wright					
57	by Robert Penn Warren					
57	by Colin Welch					
57	by Mary McCarthy					
57	by David Riesman	 Eric Larrabee				
57	by P.H. Newby					
57	by William Sansom					
57	by Herbert Luthy					
57	by Dwight MacDonald					
57	by Wayland Young					
57	by Victor Frank					
57	by W.L. Ricketts					
57	by Michael Hamburger					
57	by Hilary Corke					
57	by Marcus Cunliffe					
57	by Ben Morreale					
57	by Irving Kristol					
57	by H.R. Trevor-Roper					
57	by E.E. Cummings					
57	by Marcus Cunliffe					
57	by Stanley Moss					
57	by Sudhin Datta					
57	by Robert Kenedy					
57	by Lionel Trilling					
57	by Ivan Anissimov	 Ignazio Silone				
57	by Peter L. Caracciolo	 Albert Camus	 Warren Weaver	 N.W.P. Wallace	 Nicholas Tanbu	
57	by Dwight MacDonald					
57	by Observation					
57	by Christopher Sykes					
57	by Igor Stravinsky					
57	by Henry Fairlie					
57	by Laurie Lee					
57	by Peter Wildeblood					
57	by James Joll					
57	by Stephen Spender					
57	by Dannie Abse					
57	by Lord Beaverbrook	 Philip Toynbee	 Ivan Anissimov	 Ignazio Silone	 Ralph Willett	
57	by Richard Hofstadter					
57	by C.M. Woodhouse					
57	by Sidney Hook					
57	by Angus Wilson					
57	by Burns Singer					
57	by Dionisio Ridruejo					
57	by Peter Gay					
57	by Herbert Passin					
57	by Kathleen Nott					
57	by George Barker					
57	by Stephen Spender					
57	by A.D. Gorwala					
57	by W.R. Crocker	 Rowland Bowen	 Neville Masterman	 Maurice Cranston	 J. Botibol	
57	by Lionel Trilling					
57	by Marcus Cunliffe					
57	by Christopher Sykes					
57	by Reynolds Price					
57	by Philip O'Connor					
57	by Max-Pol Fouchet					
57	by I.A. Richards					
57	by George Watson					
57	by Oliver Bernard					
57	by T. Ramanathan					
57	by Wayland Young					
57	by George Steiner					
57	by Ronald Tamplin					
57	by Elizabeth Montagu					
57	by Geoffrey Gorer					
57	by Vincent Buckley					
57	by Jerzy Pietrkiewicz					
57	by Melvin J. Lasky					
57	by R. Ben Jones	 M.R. Statham	 Paul Ignotus	 Edmund O. Stillman	 A.M. Ciriello	
57	by Irving Kristol					
57	by Dwight MacDonald					
57	by A.J.P. Taylor					
57	by A.J. Ayer					
57	by Philip Toynbee					
57	by T.R. Fyvel					
57	by Peter Laslett					
57	by Maurice Cranston					
57	by David Wright					
57	by Peter Wildeblood					
57	by Rex Taylor					
57	by Gerald Brenan					
57	by Ronald Bottrall					
57	by Kenneth Tynan	 John Osborne				
57	by George MacBeth					
57	by Lionel Trilling					
57	by Nathaniel Zimskind					
57	by R.H.S. Crossman					
57	by Morgan Phillips					
57	by Richard Lowenthal					
57	by William Sansom					
57	by Phoebe Hesketh					
57	by Bertrand De Jouvenel					
57	by Dom Moraes					
57	by Gosta Langenfelt	 Geoffrey Clive	 A.J. Presswell	 Nicolas Walter	 Fredie A. Meht	
57	by Irving Kristol					
57	by Graham Hough					
57	by Geoffrey Gorer					
57	by Richard Wollheim					
57	by Burns Singer					
57	by Hilary Corke					
57	by Marcus Cunliffe					
57	by David Wright					
57	by Walter Laqueur					
57	by Max Beloff					
57	by Herbert Luthy					
57	by Robert Graves					
57	by Lindsay Anderson					
57	by Edward Seidensticker					
57	by Michael Polanyi					
57	by John Press					
57	by Martin Seymour-Smith					
57	by Angus Wilson					
57	by Roy Fuller					
57	by Michael Swan					
57	by Oliver Bernard					
57	by Julian Mitchell	 Dick Dobson	 A.R. Kock	 G.L. Playfair	 Michael King-Smith	
57	by Arthur Koestler					
57	by Stuart Hampshire					
57	by Irving Kristol					
57	by Graham Hough					
57	by Maurice Cranston					
57	by Hilary Corke					
57	by Colin MacInnes					
57	by Peter Wiles					
57	by Denis Devlin					
57	by Randolph S. Churchill III					
57	by Ian Scott-Kilvert					
57	by Robert Conquest					
57	by W.H. Auden					
57	by K.A. Jelenski					
57	by Stephen Spender	 Angus Wilson				
57	by Lawrence Durrell					
57	Roy Ashwell					
57	by Derrick Sington					
57	by Gustav Mersu	 G. Cserenyey	 Bozidar Bozovic	 Alan T. Peacock	 Andrzej Zgorzelski	
57	by Irving Kristol					
57	by Denis Healey					
57	by Graham Hough					
57	by Frank Kermode					
57	by John Mortimer					
58	by Leslie A. Fiedler					
58	by Peregrine Worsthorne					
58	by Colin Welch					
58	by Rice Alone...					
58	by Abioseh Nicol					
58	by Burns Singer					
58	by Vincent Buckley					
58	by Diana Witherby					
58	by Michael Hamburger					
58	by W.S. Graham					
58	by Denis De Rougemont					
58	Anthony Rhodes					
58	by Stephen Spender					
58	by Robin Ironside					
58	by Randolph S. Churchill					
58	by J.B. Priestley	 G.B. Keene	 J. Yass	 Kenneth Stern	 Robin Sanborn	
58	by Richard Wollheim					
58	by Stuart Hampshire					
58	by Irving Kristol					
58	by Angus Maude					
58	by C.M. Woodhouse					
58	by Graham Hough					
58	by Constantine Fitz Gibbon					
58	by John Mortimer					
58	by Brian Inglis					
58	by David Wright					
58	by Sylvia Sprigge					
58	by Tommaso Landolfi					
58	by Daniel Bell					
58	by William Scobie					
58	by Jon Silkin					
58	by George Mikes					
58	by Miron Bialoszewski	 Czeslaw Milosz	 Translator			
58	by J.A. Lukacs					
58	by David Wright					
58	by Guillaume Apollinaire	 Oliver Bernard	 Translator			
58	by Erich Heller					
58	by Frank Inlton					
58	by SirJohn Cockcroft	 William Empson	 M.J. Ross-MacDonald	 Auberon Herbert	 K.A. Je	
58	by Paul Ignotus	 Edmund O. Stillman				
58	by Geoffrey Gorer					
58	by Hilary Corke					
58	by Max Beloff					
58	by Graham Hough					
58	by Reynolds Price					
58	by Peter Levi					
58	by Colin MacInnes					
58	by Gerd Ruge					
58	by I.A. Richards					
58	by A.J.P. Taylor					
58	by Delmore Schwartz					
58	by Malcolm Muggeridge					
58	by Ignazio Silone					
58	by Ted Hughes					
58	by Edouard Roditi					
58	by J.P. Mayer					
58	by Julian Mitchell					
58	by Desmond Stewart					
58	by Stephen Spender					
58	by Kenneth Tynan	 Wayland Young	 Peregrine Worsthorne	 Peter J. Seng	 Henry Adler	
58	by Stuart Hampshire					
58	by Arthur Schlesinger					
58	by Frank Kermode					
58	by Richard Hoggart					
58	by K.W. Gransden					
58	by Graham Hough					
58	by James Agee					
58	by Cyril Connolly					
58	by Colin Clark					
58	by David Wright					
58	by Michael Stone					
58	by John Douglas Pringle					
58	by Laurence Kitchin					
58	by K.W. Gransden					
58	by Krishna Baldev Vaid					
58	by Stephen Spender					
58	by Richard Selig					
58	by Shirley Letwin					
58	by George Mikes					
58	by Marjorie Grene	 Stuart Hampshire				
58	by John Braine	 James M. Redfield	 Stuart M. Hall	 Evelyn Houston	 Charles Fried	
58	by Peter Wiles					
58	by Hilary Corke					
58	by Graham Hough					
58	by John Wain					
58	by Rayner Heppenstall					
58	by T.E. Utley					
58	by Joseph Alsop					
58	by J.H. Hexter					
58	by George Seferis					
58	by John Wain					
58	by Max Hayward					
58	by Nakashima Ton					
58	by Charles Curran					
58	by Patrick Kavanagh					
58	by Kathleen Nott					
58	by T.R. Henn	 Robert Conquest	 Frank Kermode	 Nomen Nescio	 Edwin Wolf II	
58	by Donald Tyerman					
58	by George Woodcock					
58	by K.W. Gransden					
58	by Peter Laslett					
58	by Hilary Corke					
58	by Francois Bondy					
58	by John Braine					
58	by Harry T. Moore					
58	by Waverley Root					
58	by C.A. Trypanis					
58	by Dan Jacobson					
58	by Tommaso Landolfi					
58	by Nieves De Madariaga Mathews					
58	by Herbert Passin					
58	by Rex Taylor					
58	by A.L. Rowse					
58	by J.W.N. Watkins					
58	by Night					
58	by Andrew Shonfield	 C. Semmler	 Michael Polanyi	 Frank Hilton	 Dwight MacDonald	
58	by Frank Kermode					
58	by Elie Kedourie					
58	by Geoffrey Gorer					
58	by Rose MacAulay					
58	by John Mortimer					
58	by Norman Lewis					
58	by R.H.S. Crossman					
58	by Peregrine Worsthorne					
58	by Stevie Smith					
58	by Abioseh Nicol					
58	by Peter Everett					
58	by Richard Roud					
58	by J.F. Hendry					
58	by Norman Birnbaum					
58	by Hayden Carruth					
58	by Yves Bonnefoy					
58	by Erskine B. Childers					
58	by Christopher Logue					
58	by Hugh Trevor-Roper	 Lawrence Stone	 R.W.K. Hinton	 J.G.A. Pocock	 Christopher Hil	
58	by Charles Curran	 Germaine Tillion				
58	by K.W. Gransden					
58	by C.A.R. Crosland					
58	by D.W. Brogan					
58	by Graham Hough					
58	by Isabel Quigly					
58	by Max Beloff					
58	by John Strachey					
58	by George Mikes					
58	by Bertolt Brecht					
58	by Edward Seidensticker					
58	by Stephen Spender					
58	by Peregrine Worsthorne					
58	by Goronwy Rees					
58	by Hilary A. Marquand					
58	by Peter Redgrove					
58	by Herbert Luthy					
58	by Hilary Corke					
58	by W.S. Merwin					
58	by M.M. Carlin					
58	by Laurence Kitchin					
58	by Hugh Seton-Watson					
58	by J.H. Hexter					
58	by John Wain					
58	by C.M. Woodhouse					
58	by K.W. Gransden					
58	by Ernest Van Den Haag					
58	by Hilary Corke					
58	by Lionel Trilling					
58	by Ronald Tamplin					
58	by Melvin J. Lasky					
58	by Alan Ross					
58	by St.-John Perse					
58	by Paul Ignotus					
58	by Robin Marris					
58	by Frank Littler					
58	by Anthony Rhodes					
58	by Stephen Potter					
58	by J.A. Lukacs	 Norman Birnbaum	 J.P. Cooper	 Jens Arup	 George Richards	
58	by Michael Oakeshott					
58	by Roderick MacFarquhar					
58	by Isabel Quigly					
58	by G.F. Hudson					
58	by Norman Levine					
58	by Michael Young:Michael Dunlop Young					
58	by Lionel Trilling					
58	by Vernon Scannell					
58	by Gerd Ruge					
58	by William H. Whyte Jr.					
58	by Frank Norman					
58	by Albert Dasnoy					
58	by John Fuller					
58	by Henry Reed					
58	by Richard Lowenthal					
58	by David Kessler	 Humphrey Tomalin	 Marjorie Grene	 A. Comerford	 Patrick Collinson	
58	by John Strachey					
58	by K.W. Gransden					
58	by Stephen Spender					
58	by Hilary Corke					
58	by John Mortimer					
58	by Stuart Hampshire					
58	W. H. Auden					
58	by F.R. Allemann					
58	by Frank Norman					
58	Roy Fuller					
58	by Robert Neville					
58	by George Steiner					
58	by Roy Lewis	 Rosemary Stewart				
58	by Vernon Scannell					
58	by John Holloway					
58	by Victor Anant					
58	by Daniel Bell					
58	by Wayland Young					
58	by John Marshall	 C.V. Wedgwood	 Reginald Pound			
58	by Geoffrey Gorer					
58	by Isabel Quigly					
58	by C.A.R. Crosland					
58	by Kathleen Nott					
58	by Peter Levi					
58	by David Wright					
58	by Dan Jacobson					
58	by Raymond Aron					
58	by Germaine Tillion					
58	by Olga Katzin					
58	by Arthur Koestler					
58	by Richard H. Rovere					
58	by D.J. Enright					
58	by Anthony Rhodes					
58	by Paul Ignotus	 Edmund O. Stillman				
58	by David Daiches					
58	by Martin Esslin					
58	by Stephen Spender					
58	by Peregrine Worsthorne					
58	by Stuart Hampshire					
58	by K.W. Gransden					
59	by Bertrand Russell					
59	by Alastair Buchan					
59	by Richard Rumbold					
59	by Arthur Koestler					
59	by Burns Singer	 Jerzy Peterkiewicz				
59	by John Kenneth Galbraith					
59	by Joseph Alsop	 Stewart Alsop				
59	by Virgil Thomson					
59	by Leonard Woolf					
59	by D.S. Carne-Ross					
59	by J.G. Weightman					
59	by Max Beloff					
59	by K.W. Gransden					
59	by Goronwy Rees					
59	by Isabel Quigly					
59	by Frank Kermode					
59	by Michael Astor					
59	by Richard Lowenthal					
59	by C.A.R. Crosland					
59	by Bertrand Russell					
59	by F.W. Dupee					
59	by Arthur Koestler					
59	by J.M. Cohen					
59	by Ian Nairn					
59	by Richard Hofstadter					
59	by Shirley Deane					
59	by Peter Wildeblood					
59	by G.F. Hudson					
59	by Alastair Buchan					
59	by Charles Curran					
59	by John Heath-Stubbs					
59	by K.W. Gransden					
59	by Paul Ignotus					
59	by Stephen Spender					
59	by Vladimir Nabokov					
59	by R.H.S. Crossman					
59	by Harold Nicolson					
59	by Edward Shils					
59	by Herbert Read					
59	by Geoffrey Grigson					
59	by Vincent Brome					
59	by Erich Heller					
59	by F.R. Allemann					
59	by Bertram D. Wolfe					
59	by Wladimir Weidle					
59	by Frank Norman					
59	by D.W. Brogan					
59	by C.A.R. Crosland					
59	by Arthur Schlesinger					
59	by Isabel Quigly					
59	by Hilary Corke					
59	by Colin MacInnes					
59	by Reynolds Price					
59	by George F. Kennan					
59	by J.P. Mayer					
59	by Stuart Holroyd					
59	by Stefan George	 Stephen Spender	 Translator			
59	by Geoffrey Gorer					
59	by Harold Rosenberg					
59	by W.H. Auden					
59	by Richard Wollheim					
59	by Stuart Hampshire					
59	by G.F. Hudson					
59	by Lawrence Gowing					
59	by Michael Kitson					
59	by John Irwin					
59	by Thomas B. Hess					
59	by Karl Miller					
59	by Basil Taylor					
59	by a Publisher					
59	by Geoffrey Grigson					
59	by Colin MacInnes					
59	by Herbert Read					
59	by Vladimir Nabokov					
59	by Pamela Hansford Johnson					
59	by Dwight MacDonald					
59	by Kenneth Younger					
59	by K.W. Gransden					
59	by David Daiches					
59	by Peregrine Worsthorne					
59	by Sidney Hook					
59	by Wayland Young					
59	by Hwang Soon Won					
59	Simon Raven					
59	by Frank Kermode					
59	by Manya Harari					
59	by Frank Howes	 Peter Heyworth				
59	by Kenneth Younger					
59	by J.A. Lukacs					
59	by Hilary Corke					
59	by Philip Toynbee					
59	by Max Hartwell					
59	by Anthony Powell					
59	by Constantine FitzGibbon					
59	by Colin MacInnes					
59	by George Lichtheim					
59	by Isabel Quigly					
59	by Edwin Muir					
59	by Edmund Wilson					
59	by Alan Ross					
59	by C.P. Snow					
59	by Laurie Lee					
59	by Jack Gilbert					
59	by Andrew Boyd					
59	by Caroline Freud					
59	by Michael Hamburger					
59	by Philip Larkin					
59	by Walter Z. Laqueur					
59	by G.F. Hudson					
59	by Raymond Williams					
59	by Robert Brustein					
59	by Martin Esslin					
59	by John Hatch					
59	by Russell Warren Howe					
59	by Colin Legum					
59	by Angus Wilson					
59	by W.H. Auden					
59	by Sylvia Sprigge					
59	by Max Beloff					
59	by K.W. Gransden					
59	by F.R. Allemann					
59	by Leonard Woolf					
59	by Alan Ross					
59	by Constantine FitzGibbon					
59	by Mark Bonham Carter					
59	by Vernon Watkins					
59	by C.P. Snow					
59	by Alastair Buchan					
59	by Christopher Middleton					
59	by Malcolm Muggeridge					
59	by Ted Hughes					
59	by W.B. Stanford					
59	by Dwight MacDonald					
59	by Peter Hyun					
59	by Geoffrey Gorer					
59	by Kenneth Allsop					
59	by T.R. Fyvel					
59	by Rebecca West					
59	by Morroe Berger					
59	by Marcus Cunliffe					
59	by Robert Lowell					
59	by Henry Fairlie					
59	by Alfred Fabre-Luce					
59	by Colin MacInnes					
59	by A.J.P. Taylor					
59	by Paul Ignotus					
59	by Jack Kerouac					
59	by Constantine FitzGibbon					
59	by Donald Davie					
59	by V.S. Pritchett					
59	by F.R. Allemann					
59	by Walter Allen	 A.C.B. Lovell	 J.H. Plumb	 David Riesman	 Bertrand Russell	
59	by Hilary Corke					
59	by J.G. Weightman					
59	by Philip Toynbee					
59	by Nadine Gordimer					
59	by George Seferis					
59	by Andrew Shonfield					
59	by Michael Astor					
59	by Ted Hughes					
59	by Herbert Passin					
59	by Erich Heller					
59	by Robert Conquest					
59	by Robert Brustein					
59	by Alan Ross					
59	by Geoffrey Grigson					
59	by Daniel Bell					
59	by Karl Miller					
59	by Michael Polanyi					
59	by Robert Graves					
59	by Philip Toynbee					
59	by George Steiner					
59	by Max Beloff					
59	by Dan Jacobson					
59	by Hilary Corke					
59	by Nancy Mitford					
59	by J.G. Weightman					
59	by George Mikes					
59	by Friedrich Sieburg					
59	by Luigi Barzini					
59	by Feliks Topolski					
59	by Laurie Lee					
59	by Walter Z. Laqueur					
59	by P.E. Schneider					
59	by James Joll					
59	by Roy Jenkins					
59	by Dan Jacobson					
59	by Goronwy Rees					
59	by Charles Curran					
59	by David Piper					
59	by Wolfdietrich Schnurre					
59	by Michael Swan					
59	by Colin Wilson					
59	by Joseph Alsop					
59	by W.H. Auden					
59	by Brewster Ghiselin					
59	by Richard Wollheim					
59	by Elizabeth Hardwick					
59	by Marjorie Grene					
59	by G.F. Hudson					
59	by Penelope Gilliatt					
59	by Stuart Hampshire					
59	by T.R. Fyvel					
59	by Bernard Williams					
59	by C.P. Snow					
59	by Goronwy Rees					
59	by William Plomer					
59	by Michael Hamburger					
59	by Frank Kermode					
59	by Henry Brandon					
59	by Marguerite Yomcenar					
59	by Anthony Sampson					
59	by James Morris					
59	by Terence Prittie					
59	by Willard Thorp					
59	by C.V. Wedgwood					
59	by Harry Fainlight					
59	by Dan Jacobson					
59	by Michael Hamburger					
59	by Peter Wiles					
59	by Anatole Shub					
59	by Russell Warren Howe					
59	by T.R. Fyvel					
59	by Stephen Spender					
59	by Kenneth Young					
59	by Irving Kristol					
59	by Goronwy Rees					
59	by Alastair Buchan					
59	by Taya Zinkin					
59	by Manfred Hertwig					
60	by Abram Tertz					
60	by Patrick Leigh Fermor					
60	by Richard Hoggart					
60	by Arthur Schlesinger					
60	by Sylvia Sprigge					
60	by Barbara Skelton					
60	by Helen Gardner					
60	by D.W. Brogan					
60	by Lawrence Alloway					
60	by C.H. Waddington					
60	by Ronald Tamplin	 George Radda				
60	by Hilary Corke					
60	by Angus Wilson					
60	by Geoffrey Gorer					
60	by Philip Toynbee					
60	by Goronwy Rees					
60	by Max Beloff					
60	by Christopher Middleton					
60	by H.R. Trevor-Roper					
60	by Pamela Hansford Johnson					
60	by Alan Ross					
60	by Clancy Sigal					
60	by Noel Annan					
60	by H.J. Eysenck					
60	by Francis Williams					
60	by Brian Glanville					
60	by C.P. Snow					
60	by Katherine Anne Porter					
60	by Robert Lowell					
60	by C.M. Woodhouse					
60	by Max Beloff					
60	by C.A.R. Crosland					
60	by Reynolds Price					
60	by Michael Polanyi					
60	by Ted Hughes					
60	by Melvin J. Lasky					
60	by Elizabeth Jennings					
60	by Nicola Chiaromonte					
60	by Edwin Muir					
60	by Guy Wint					
60	by Andrew Boyd					
60	by F.R. Allemann					
60	by Richard Wollheim					
60	by Irving Kristol					
60	by Leslie Fiedler					
60	by Philip Toynbee					
60	by Alastair Buchan					
60	by D.W. Brogan					
60	by Ian Nairn					
60	by Stephen Spender					
60	by Brian Crozier					
60	by Alan Ross					
60	by Colin Wilson					
60	by Peter Levi					
60	by R.H.S. Crossman					
60	by Constantine FitzGibbon					
60	by Kenneth Allsop					
60	by Frank Kermode					
60	by Richard Aldington					
60	by Irving Kristol					
60	by John Mander					
60	by Ezekiel Mphahlele					
60	by Nigel Dennis					
60	by Richard Wollheim					
60	by Stuart Hampshire					
60	by Philip Toynbee					
60	by Alastair Buchan					
60	by Geoffrey Grigson					
60	by Dennis Gabor					
60	by W.H. Auden					
60	by Murray Sayle					
60	by Kingsley Amis					
60	by F.R. Allemann					
60	by Michael Anthony					
60	by David Sylvester					
60	by Nigel Dennis					
60	by Constantine FitzGibbon					
60	John Trevelyan					
60	John Osborne					
60	by Peter Black					
60	by Colin MacInnes					
60	by Hilary Corke					
60	by T.R. Fyvel					
60	by Angus Wilson					
60	by D.W. Brogan					
60	by K.W. Gransden					
60	by Raymond Aron					
60	by Vladimir Dudintsev					
60	by Morroe Berger					
60	by Donald Davie					
60	by Louis MacNeice					
60	by Richard Walker					
60	by Michael Fried					
60	by R.H.S. Crossman					
60	by Christopher Middleton					
60	by Nigel Dennis					
60	by Harold Clurman					
60	by John Peter					
60	by Martin Esslin					
60	by Anthony Hartley					
60	by John Strachey					
60	by Dan Jacobson					
60	by Edward Shils					
60	by Frank Kermode					
60	by George Sherman					
60	by Nigel Dennis					
60	by Kingsley Amis					
60	by R. Pack Browning					
60	by Isaiah Berlin					
60	by Ronald Bottrall					
60	by Herbert Luethy					
60	by R.H.S. Crossman					
60	by Jon Silkin					
60	by Derek Hill					
60	by Nigel Dennis					
60	by Edward Seidensticker					
60	Tony Richardson					
60	Michael Foot					
60	by Frank Kermode					
60	by William Peters					
60	by V.S. Pritchett					
60	by T.R. Fyvel					
60	by Alan Day					
60	by Bernard Williams					
60	by Boris Pasternak					
60	by Arthur Koestler					
60	by William Golding					
60	by Irving Kristol					
60	by Robert Holles					
60	by Nigel Dennis					
60	by Patricia Blake					
60	by Vernon Scannell					
60	by Luigi Barzini					
60	by Mark Bonham Carter					
60	by Frank Kermode					
60	by G.L. Arnold					
60	by Martin Turnell					
60	by Angus Wilson					
60	by Brian Inglis					
60	by Anthony Carson					
60	by Richard Lowenthal					
60	by Goronwy Rees					
60	by Rayner Heppenstall					
60	by Gertrude Himmelfarb					
60	by Nigel Dennis					
60	by Nicola Chiaromonte					
60	Patrick Gordon Walker					
60	Mark Abrams					
60	Daniel Bell					
60	by J.G. Weightman					
60	by Frank Kermode					
60	by C.M. Woodhouse					
60	by Anthony Hartley					
60	by Peter Hyun					
60	by Donald Hall					
60	by C.A.R. Crosland					
60	by Arthur Koestler					
60	by William Sansom					
60	by Alan Sillitoe					
60	by Colin MacInnes					
60	by Michael Hamburger					
60	by Robert Nye					
60	by Nigel Dennis					
60	by J.R. Richards					
60	by Edward Seidensticker					
60	by Ulli Beier					
60	by Peter Willmott	 Michael Young:Michael Dunlop Young				
60	by Marcus Cunliffe					
60	by Hans Meyerhoff					
60	by A.J.P. Taylor					
60	by Julius Gould					
60	by James Joll					
60	by John Strachey					
60	by Simon Raven					
60	by David Riesman					
60	by Anthony Carson					
60	by Harry Fainlight					
60	by Bernard Williams					
60	by Burns Singer	 Jerzy Peterkiewicz				
60	by Virgil Thomson					
60	by Nigel Dennis					
60	by Oliver Bernard					
60	by Constantine FitzGibbon					
60	by Stephen Spender					
60	by Robert Bolt					
60	by Frank Kermode					
60	by Arland Ussher					
60	by Philip Toynbee					
60	by George Arnold					
60	by Hugh Seton-Watson					
60	by Arthur Schlesinger					
60	by Nigel Dennis					
60	by John Strachey					
60	by Andrew Forge					
60	by Michael Hamburger					
60	by Daniel Bell					
60	by Christmas Humphreys					
60	by Henry Fairlie					
60	by Irving Kristol					
60	by Frank Kermode					
60	by John Wain					
60	by Anthony Hartley					
61	by Theodore Roethke					
61	by Philip Williams					
61	by Thomas Blackburn					
61	by Iris Murdoch					
61	by Christopher Hollis					
61	by G.R.G. Mure					
61	by Geoffrey Grigson					
61	by Reinhold Niebuhr					
61	by Arnold Toynbee					
61	by David Marquand					
61	by Richard Lowenthal					
61	by Nigel Dennis					
61	by Meyer Schapiro					
61	by Richard Mayes					
61	by John Wain					
61	by Stephen Spender					
61	by Eugene V. Rostow					
61	by Burns Singer					
61	by Henry Fairlie					
61	by C.A.R. Crosland					
61	by Claude Levi-Strauss					
61	by John Douglas Pringle					
61	by Isaiah Berlin					
61	by Anthony Hartley					
61	by Saint-John Perse					
61	by Nigel Dennis					
61	by Armand Guibert					
61	by C.G. Jung					
61	by Arthur Koestler					
61	by Henry Fairlie					
61	by Irving Kristol					
61	by Richard Lowenthal					
61	by J. Robert Oppenheimer					
61	by George F. Kennan					
61	by Colin Welch					
61	by Alastair Buchan					
61	by Steven Runciman					
61	by Alan Day					
61	by Constantine FitzGibbon					
61	by Burns Singer					
61	by Thom Gunn					
61	by Theodore Draper					
61	by Paul Bowles					
61	by Claude Levi-Strauss					
61	by Kenneth Clark					
61	by Nigel Dennis					
61	by Robert Gittings					
61	by Ezekiel Mphahlele					
61	Rebecca West					
61	William Emrys Williams					
61	Richard Hoggart					
61	Martin Jarrett-Kerr					
61	by C.A.R. Crosland					
61	by Stuart Hampshire					
61	by Richard Lowenthal					
61	by Frank Kermode					
61	by D.W. Brogan					
61	by John Wain					
61	by Burns Singer					
61	by Arnold Beichman					
61	by Cyril Connolly					
61	by P.M.S. Blackett					
61	by Herbert Gold					
61	by Claude Levi-Strauss					
61	by James Dickey					
61	by C.M. Woodhouse					
61	by Jon Silkin					
61	by Nigel Dennis					
61	by Caroline Blackwood					
61	by Vernon Scannell					
61	by James Baldwin					
61	by Benedict Nicolson					
61	by Hugh Trevor-Roper					
61	by Michael Howard					
61	by C.A.R. Crosland					
61	by Constantine FitzGibbon					
61	by Frank Kermode					
61	by A.J. Ayer					
61	by George Lichtheim					
61	by Neville Cardus					
61	by John Wain					
61	by Harvey Einbinder					
61	by Robert Kee					
61	by Brian Crozier					
61	by Colin MacInnes					
61	by Irving Kristol					
61	by Anatole Shub					
61	by C.A.R. Crosland					
61	by Nigel Dennis					
61	by Frank Kermode					
61	by Geoffrey Gorer					
61	by Stuart Hampshire					
61	by D.W. Brogan					
61	by Peter Heyworth					
61	by Malcolm Muggeridge					
61	by A.S. Yesenin-Volpin					
61	Thomas Hodgkin					
61	Elspeth Huxley					
61	by V.S. Pritchett					
61	by J.G. Weightman					
61	by Nigel Dennis					
61	by Richard Wollheim					
61	by Kenneth Allsop					
61	by Harold Rosenberg					
61	by Richard Lowenthal					
61	by David Holden					
61	by Oskar Morgenstern					
61	by Constantine FitzGibbon					
61	by David Daiches					
61	by Dwight MacDonald					
61	by Martin Turnell					
61	by R.H.S. Crossman					
61	by Murray Kempton					
61	by Marcus Cunliffe					
61	by Malcolm Muggeridge					
61	by Mary McCarthy					
61	by Melvin J. Lasky					
61	by C.A.R. Crosland					
61	by Theodore Draper					
61	by Nigel Dennis					
61	by T.S. Eliot					
61	by Edward Shils					
61	by H.R. Trevor-Roper					
61	by W.H. Auden					
61	by C. Day Lewis					
61	by Hilary Corke					
61	by T.R. Fyvel					
61	by Robert Nye					
61	by Zbigniew Herbert	 Czeslaw Milosz	 Translator			
61	by Niccolo Tucci					
61	by Sidney Hook					
61	by Thomas Blackburn					
61	by Nigel Dennis					
61	by Vernon Scannell					
61	by Irving Kristol					
61	by Alastair Buchan					
61	by Anthony Hartley					
61	by Richard Lowenthal					
61	by John Wain					
61	by Philip Toynbee					
61	by Taya Zinkin					
61	by Martin Seymour-Smith					
61	by Lawrence Durrell					
61	by Roy Jenkins					
61	by Harold Pinter					
61	by Edward Shils					
61	by Karl Jaspers					
61	by Alan Ross					
61	by Jacques Barzun					
61	by Melvin J. Lasky					
61	by Adrian Stokes					
61	by Friedrich Walter					
61	by Irving Kristol					
61	by Andrew Shonfield					
61	by John Plamenatz					
61	by Raymond Williams					
61	by Elspeth Huxley					
61	by A.J.P. Taylor					
61	by H.R. Trevor-Roper					
61	by Marcus Cunliffe					
61	by David Marquand					
61	by J.M. Cameron					
61	by Kathleen Raine					
61	by Robert Conquest					
61	by Dan Jacobson					
61	by Jack Herbert					
61	by Albert Camus					
61	by W.S. Merwin					
61	by William Sansom					
61	by Douglas Cooper					
61	by Harry Fainlight					
61	by Michael Edwardes					
61	by Mark Abrams					
61	by Edward Shils					
61	by Henry Fairlie					
61	by D.T. Suzuki					
61	by David Marquand					
61	by Sebastian Haffner					
61	by Colin Legum					
61	by John Wain					
61	by W.A. Robson					
61	by Philip Toynbee					
61	by Anthony Hartley					
61	by Martin Esslin					
61	by W.H. Auden					
61	by Reynolds Price					
61	by Robert Lowell					
61	by Robert Kee					
61	by Richard Lowenthal					
61	by Elliot Felkin					
61	by Nigel Dennis					
61	by Francois Bondy					
61	by Clancy Sigal					
61	by Howard Griffin					
61	by SirWilliam Hayter					
61	John Mander					
61	F.R. Alleman					
61	by Andrew Boyd					
61	by David Daiches					
61	by Geoffrey Grigson					
61	by Harry Fainlight					
61	by Roy Perrott					
61	by Francis Hope					
61	by Constantine FitzGibbon					
61	by Anthony Rhodes					
61	by David Marquand					
61	by Henry Fairlie					
61	by Robert Graves					
61	by Marcus Cunliffe					
61	by Philip Williams					
61	by Anthony Carson					
61	by Geoffrey Thurley					
61	by Hans Meyerhoff					
61	by Nigel Dennis					
61	by Golo Mann					
61	by Andrew Shonfield					
61	by Jo Grimond					
61	by George Steiner					
61	by George Lichtheim					
61	by Hugh Seton-Watson					
61	by Francis Hope					
61	by Stephen Spender					
61	by T.R. Fyvel					
61	by 'Reporter'					
62	by Arnold Toynbee					
62	by John Douglas Pringle					
62	by Angus Wilson					
62	by J.G. Weightman					
62	by Raymond Williams					
62	by Richard Wollheim					
62	by James Morris					
62	by E.M. Forster					
62	by Colin MacInnes					
62	by D.J. Enright					
62	by Edith Sitwell					
62	by Reynolds Price					
62	by George Orwell					
62	by Melvin J. Lasky					
62	by Gregory Corso					
62	by W.H. Auden					
62	by Theodore Roethke					
62	by Herbert Read					
62	by Thom Gunn					
62	by Chester Kallman					
62	by R.S. Thomas					
62	by Wole Soyinka					
62	by Stephen Spender					
62	by T.S. Eliot					
62	by A.J. Ayer					
62	by Edward Shils					
62	by Irving Kristol					
62	by Dwight MacDonald					
62	by S.S.:Stephen Spender					
62	by Herbert Nicholas:Herbert G. Nicholas					
62	by Melvin J. Lasky					
62	by Michael Hamburger					
62	by John Sparrow					
62	by Abram Tertz					
62	by Hugh Trevor-Roper					
62	by Nigel Dennis					
62	by R.S. Thomas					
62	by Richard Lowenthal					
62	by Kathleen Nott					
62	by C.P. Snow	 Malcolm Muggeridge				
62	by C.S. Lewis					
62	by Arnold Wesker					
62	by Peter Taylor					
62	by Abba P. Lerner					
62	by Anthony Thwaite					
62	by Henry Fairlie					
62	by Stefan George	 Wallace Kaufman	 Translator			
62	by J.G. Weightman					
62	by Vernon Scannell					
62	by Nigel Dennis					
62	by Peter Forster					
62	by Desmond Stewart					
62	by Kenneth Allsop					
62	by Brian Crozier					
62	by Andrew Shonfield					
62	by Colin MacInnes					
62	by Philip Toynbee					
62	by D.W. Brogan					
62	by John Wain					
62	by Constantine FitzGibbon					
62	by Merle Fainsod					
62	by Milovan Djilas					
62	by John Strachey					
62	by Michael Howard					
62	by Nissim Ezekiel					
62	by Elliott Felkin					
62	by Maurice Cranston					
62	by Geoffrey Thurley					
62	by Michael Hamburger					
62	by John Hall Wheelock					
62	by Nigel Dennis					
62	by Sylvia Plath					
62	by William Plomer					
62	by Richard Hoggart					
62	by David Marquand					
62	by Dan Jacobson					
62	by Geoffrey Gorer					
62	by Geoffrey Hudson					
62	by Malcolm Muggeridge					
62	by Alec Nove					
62	by Brendan Behan					
62	by Giles Playfair	 Derrick Sington				
62	by John Montague					
62	by John Douglas Pringle					
62	by Alan Ross					
62	by Jon Silkin					
62	Richard Wollheim					
62	by George Steiner					
62	by Theodore Roethke					
62	by Nigel Dennis					
62	by Colin Welch					
62	by Michael Fried					
62	by J.P. Mayer					
62	by Anthony Hartley					
62	by Hugh Seton-Watson					
62	by H.R. Trevor-Roper					
62	by Robert Conquest					
62	by Walter Laqueur					
62	by Martin Turnell					
62	Jorge Luis Borges					
62	by Luigi Barzini					
62	by Rosemary Tonks					
62	by Nigel Dennis					
62	by Philip Rieff					
62	by John Hall Wheelock					
62	by Igor Stravinsky					
62	by Robert Graves					
62	by Yves Bonnefoy					
62	by Kenneth Tynan					
62	by Barbara Howes					
62	by J.M. Cohen					
62	by Ernst Halperin					
62	by W.H. Walsh					
62	by Graham Turner					
62	by Marcus Cunliffe					
62	by D.J. Enright					
62	by D.W. Brogan					
62	by Philip Toynbee					
62	by Angus Wilson					
62	by Anthony Rhodes					
62	by Jorge Luis Borges					
62	by Vladimir Nabokov					
62	by Max Frisch					
62	by John Montague					
62	by Mordecai Richler					
62	by Irving Howe					
62	by John Hall Wheelock					
62	by J.M. Cohen					
62	by G.F. Hudson					
62	by F.R. Allemann					
62	by David Marquand					
62	by J.G. Weightman					
62	by Alan Ross					
62	by Stephen Spender					
62	by Marcus Cunliffe					
62	by Geoffrey Gorer					
62	by Manya Harari					
62	by Ian Waller					
62	by Alan Ross					
62	by Heinrich Boll					
62	by Raymond Aron					
62	by Rex Taylor					
62	by John Wain					
62	by James Simmons					
62	by Nigel Dennis					
62	by R.H.S. Crossman					
62	by Thomas Parkinson					
62	by W.H. Auden					
62	by Stanley Johnson					
62	by Rod Stuart					
62	by Kenneth Tynan					
62	by David Astor					
62	by Walter Laqueur					
62	by Nicola Chiaromonte					
62	by Boris Ford					
62	by Charles Darwin					
62	by Henry Fairlie					
62	by Leonard Schapiro					
62	by Alastair Reid					
62	by Dan Jacobson					
62	by Gunter Grass					
62	by Karl R. Popper					
62	by Archibald Colquhoun					
62	by Anthony Hartley					
62	by Sidney Hook					
62	by Henry Fairlie					
62	by David Daiches					
62	by Francis Wyndham					
62	by Michael Howard					
62	by Anthony Thwaite					
62	by George Faludy					
62	by J. Robert Oppenheimer					
62	by Margaret Shedd					
62	by Richard Rees					
62	by Herbert Read					
62	by Michael Hamburger					
62	by Aldous Huxley					
62	by Henry S. Taylor					
62	by Nigel Dennis					
62	Theodore Roethke					
62	by Donald Hall					
62	by John Berryman					
62	by David Marquand					
62	by Brian Crozier					
62	by Stephen Spender					
62	by Mary McCarthy					
62	by W.H. Auden					
62	by Goronwy Rees					
62	by C.A.R. Crosland					
62	by John Holloway					
62	by Taib Saleh					
62	by Rosemary Tonks					
62	by Lewis S. Feuer					
62	by Gavin Ewart					
62	by Keith Botsford					
62	by Alasdair Aston					
62	by I.A. Richards	 B.F. Skinner				
62	by Diana Trilling					
62	P.J. Kavanagh					
62	by Philip Toynbee					
62	by W.H. Auden					
62	by Max Beloff					
62	by Walter Laqueur					
62	by Ingeborg Bachmann					
62	by John Mander					
62	by Tony Tanner					
62	by Stuart Hampshire					
62	by Thomas Mann					
62	by Marcus Cunliffe					
62	by Herbert Luethy					
62	by Bertrand de Jouvenel					
62	by Gunter Grass					
62	by Nigel Dennis					
62	by Richard Lowenthal					
62	by John Montague					
62	by James Reeves					
62	by Clement Greenberg					
62	by Harry Fainlight					
62	by Dwight MacDonald					
62	by George Steiner					
62	by J.M. Cohen					
63	by Tibor Dery					
63	by P.J. Kavanagh					
63	by Herbert Gold					
63	by Jorge Luis Borges					
63	by Kenneth Clark					
63	by Rod Stuart					
63	by Nigel Dennis					
63	by Nicola Chiaromonte					
63	by Desmond Stewart					
63	by Leonard Nathan					
63	by W.H. Auden					
63	by Michael Howard					
63	by Martin Seymour-Smith					
63	by Edward Crankshaw					
63	by Reporter					
63	by Robert Graves	 Raphael Patai				
63	by John Mander					
63	by V.S. Naipaul					
63	by Roy Jenkins					
63	by Peter Levi					
63	by Nigel Dennis					
63	by Wayland Young					
63	by F.R. Allemann					
63	by Anthony Thwaite					
63	by Frank Kermode					
63	by Peter Levi					
63	by Kathleen Nott					
63	by M.J.L.:Melvin J. Lasky					
63	by Raymond Aron					
63	by Robert Graves	 Raphael Patai				
63	by Walter Laqueur					
63	by Doris Lessing					
63	by Jorge Luis Borges					
63	by Roland Oliver					
63	by R.H.S. Crossman					
63	by Ted Walker					
63	by Nigel Dennis					
63	by Rod Stuart					
63	by Francis Wyndham					
63	by Douglas Livingstone					
63	by Sebastian Haffner					
63	by T. Carmi					
63	by John Gross					
63	by J.G. Weightman					
63	by Kathleen Nott					
63	by Noel Annan					
63	by Isabella Gardner					
63	by Richard Eberhart					
63	by R.H.S. Crossman					
63	by Patricia Blake					
63	by Yuri Kazakov					
63	by Andrei Voznesensky					
63	by Bella Akhmadulina					
63	by Evgeni Vinokurov					
63	by Andrei Voznesensky					
63	by Vasili Aksyonov					
63	by Andrei Voznesensky					
63	by Victor Sosnora					
63	by Boris Slutsky					
63	by Bulat Okudzhava					
63	by Evgeni Evtushenko					
63	by Mary McCarthy					
63	by Kathleen Nott					
63	by John Wain					
63	by James Morris					
63	by Alexander Solzhenitsyn					
63	by Vernon Watkins					
63	by Harold Rosenberg					
63	by Jorge Luis Borges					
63	by Daniel Bell					
63	by William Clark					
63	by Stephen Spender					
63	by Hugh Seton-Watson					
63	by Marcus Cunliffe					
63	by Pierre Emmanuel					
63	by George Lichtheim					
63	by John Gross					
63	by Sidney Hook					
63	by Kathleen Nott					
63	by Alastair Buchan					
63	by Herbert Luethy					
63	by Michel Butor					
63	by James McAuley					
63	by Ray Gosling					
63	by Alastair Reid					
63	by Robert Craft					
63	by T. Carmi					
63	by J.M. Cameron					
63	by David Marquand					
63	by Alfred Sherman					
63	by Nadine Gordimer					
63	by Hugo Williams					
63	by Bernard Crick					
63	by C.S. Lewis					
63	by Denys Hay					
63	by Kathleen Nott					
63	by S.S.:Stephen Spender					
63	by Peter Wiles					
63	by Henry Fairlie					
63	by Malcolm Muggeridge					
63	by Goronwy Rees					
63	by Michael Shanks					
63	by Andrew Shonfield					
63	by Austen Albu					
63	by Aidan Crawley					
63	by John Cole					
63	by Hugh Seton-Watson					
63	by John Mander					
63	by Lord Altrincham					
63	by Cyril Connolly					
63	by Marcus Cunliffe					
63	by Alan McGlashan					
63	by Elizabeth Young					
63	by John Vaizey					
63	by Richard Rovere					
63	by Harold R. Isaacs					
63	by Colin MacInnes					
63	by Alastair Buchan					
63	by Robert Oppenheimer					
63	by Christopher Middleton					
63	by Ted Walker					
63	by Margaret Shedd					
63	by Diana Trilling					
63	by P.J. Kavanagh					
63	by David Holden					
63	by Christopher Mayhew	 Herbert Luethy				
63	by Paul Winter					
63	by David T. Bazelon					
63	by Peter Wiles					
63	by John Bayley					
63	by Irving Kristol					
63	by D.J. Enright					
63	by George Steiner					
63	by Alasdair MacIntyre					
63	by J.L. Talmon					
63	by Dannie Abse					
63	by Carolyn Kizer					
63	by Andrew Shonfield					
63	by Christopher Middleton					
63	by P.B. Medawar					
63	by Hans Magnus Enzensberger					
63	by Philip Roberts					
63	by Diana Witherby					
63	by John Kenneth Galbraith					
63	by Anthony Hartley					
63	by James Morris					
63	by Richard Hughes					
63	by Walter Allen					
63	by J.G. Weightman					
63	by V.S. Naipaul					
63	by Derek Walcott					
63	by Zbigniew Brzezinski					
63	by Richard Lowenthal					
63	by John Mander					
63	by Bernard Lewis					
63	by R. Prawer Jhabvala					
63	by James McAuley					
63	by Eric Rhode					
63	by Sylvia Plath					
63	by Jean Bloch-Michel					
63	by Francois Bondy					
63	by John Robinson					
63	by D.M. MacKinnon					
63	by William Letwin					
63	by Lawrence Durrell					
63	by Theodore Roethke					
63	by Allen Tate					
63	by John Hollander					
63	by J.M. Cameron					
63	by P.N. Furbank					
63	by David Marquand					
63	by D.W. Brogan					
63	by Brian Higgins					
63	by Colin MacInnes					
63	by Saul Bellow					
63	by Kingsley Amis					
63	by Sol Biderman					
63	by Gordon Rattray Taylor					
63	by W.H. Auden					
63	by Robert Lowell					
63	by Isabella Gardner					
63	by H.C. Allen					
63	by Will Herberg					
63	by J.G. Weightman					
63	by Patrick Gordon Walker					
63	by John Gross					
63	by Richard Mayne					
63	by Frank Kermode					
63	by Irving Kristol					
63	by Maurice Cranston					
63	by Ingeborg Bachmann					
63	by Vernon Scannell					
63	by Edmund Wilson					
63	by Walter Laqueur					
63	by W.H. Auden					
63	by Robert Lekachman					
63	by Winterset Rothberg					
63	by Charles Tomlinson					
63	by G. Wilson Knight					
63	by Rosemary Tonks					
63	by Martin Esslin					
63	by Lord Gladwyn					
63	by P.J. Honey					
63	by Alasdair MacIntyre					
63	by Katharine Whitehorn					
63	by Francis Hope					
63	by Bernard Bergonzi					
63	by Richard Ellmann					
64	by D.W. Brogan					
64	by C. Day Lewis					
64	by Richard G. Stern					
64	by Thomas Clark					
64	by James Morris					
64	by Herbert Luethy					
64	by D.J. Enright					
64	by Max Kozloff					
64	by Chester Kallman					
64	by Francois Bondy					
64	by Roy Harrod					
64	by Gershom Scholem					
64	by Hannah Arendt					
64	by Nora Beloff					
64	by Michael Howard					
64	by John Hollander					
64	by Michael Frayn					
64	by Naomi Lewis					
64	by P.N. Furbank					
64	by James Reeves					
64	by Richard Pipes					
64	by Roy Jenkins					
64	by Jon Silkin					
64	by Dan Jacobson					
64	by Kathleen Raine					
64	by Kingsley Amis					
64	by Bernard Berenson					
64	by Ezekiel Mphahlele					
64	by Czeslaw Milosz					
64	by Lawrence Alloway					
64	by Richard Mayne					
64	by Ernst Halperin					
64	by Vernon Watkins					
64	by Richard Ellmann					
64	by David Daiches					
64	by Anthony Hartley					
64	by David Morse					
64	by P.N. Furbank					
64	by Bertram D. Wolfe					
64	by Goronwy Rees					
64	by David Posner					
64	by Nigel Dennis					
64	by Philip Larkin					
64	by Bernard Lewis					
64	by Baku Yamanoguchi					
64	by V.S. Naipaul					
64	by Donald Hall					
64	by John Wain					
64	by D.J. Enright					
64	by Andrew Boyd					
64	by Francis Watson					
64	by Rita Hinden					
64	by Diana Witherby					
64	by David Marquand					
64	by John Gross					
64	by Alastair Buchan					
64	by Martin Dodsworth					
64	by John Betjeman					
64	by Wallace Kaufman					
64	by M.J.L.:Melvin J. Lasky					
64	by Gunter Kunert					
64	by Goronwy Rees					
64	by G.P. Gooch					
64	by H.M. Enzensberger					
64	by Golo Mann					
64	by Malcolm Muggeridge					
64	by Edward Shils					
64	by Louis J. Halle					
64	by John Mander					
64	by Arnold Toynbee					
64	by Ingeborg Bachmann					
64	by Martin Walser					
64	by Walter Laqueur					
64	by Gunter Eich					
64	by Gunter Grass					
64	by Ralf Dahrendorf					
64	by Erich Heller					
64	by Siegfried Melchinger					
64	by Hans Magnus Enzensberger					
64	by Peter Heyworth					
64	by Peter Huchel					
64	by Gunter Kunert					
64	by Christoph Meckel					
64	by Rudolf Walter Leonhardt					
64	by F.R. Allemann					
64	by P.N. Furbank					
64	by D.J. Enright					
64	by George Lichtheim					
64	by F.L. Carsten					
64	by George Steiner					
64	by Michael Hamburger					
64	by Jean-Paul Sartre					
64	by D.J. Enright					
64	by Louis Kronenberger					
64	by Gavin Ewart					
64	by Anthony Hartley					
64	by W.S. Merwin					
64	by Ted Hughes					
64	by R. Prawer Jhabvala					
64	by Philip Rieff					
64	by Hugo Williams					
64	by John Wain					
64	by Robert Conquest					
64	by P.N. Furbank					
64	by David Watt					
64	by Horse					
64	by Christopher Ricks					
64	by Francis Hope					
64	by Dennis Brutus					
64	by Leonard Woolf					
64	by Peter Redgrove					
64	by Hans Mayer	 Francois Bondy				
64	by Tibor Dery					
64	by Jon Silkin					
64	by Robert Graves					
64	by Herbert Gold					
64	by J.G. Weightman					
64	by Valentine Dobree					
64	by Eric Rhode					
64	by Samuel Menashe					
64	by Theodore Roethke					
64	by H.J. Eysenck					
64	by D.W. Brogan					
64	by Jean-Paul Sartre					
64	by Anatole Shub					
64	by P.N. Furbank					
64	by Goronwy Rees					
64	by Lewis Nkosi					
64	by Christopher Booker					
64	by Philip French					
64	by Ivan Ivanovich Ivanov					
64	by R.H.S. Crossman					
64	by Howard Griffin					
64	by Jorge Luis Borges					
64	by Samuel Menashe					
64	by Luigi Barzini					
64	by W.H. Auden					
64	by George A. Miller					
64	by Robert Lowell					
64	by H.V. Hodson					
64	by Richard Mayne					
64	by Max Beloff					
64	by Marcus Cunliffe					
64	by Friedrich Torberg					
64	by M.J.L.:Melvin J. Lasky					
64	by Stephen Toulmin					
64	by Tony Tanner					
64	by Keith Kyle					
64	by Herbert L. Matthews					
64	by Arnold Toynbee					
64	by Isaac Babel					
64	by H.J. Eysenck					
64	by Valentine Dobree					
64	by Luigi Barzini					
64	by R.V. Burks					
64	by Jan Kott					
64	by Zulfikar Ghose					
64	by Robert Lowell					
64	by Maurice Cranston					
64	by Hans Kohn					
64	by Theodore Draper					
64	by Arthur Schlesinger					
64	by Mario Raimondo					
64	by Carl Cerny					
64	by David Marquand					
64	by Goronwy Rees					
64	by Neal Ascherson					
64	by John Gross					
64	by Jack Winocour					
64	by Eugene Ionesco					
64	by Harry Fainlight					
64	by Giorgio Morandi					
64	by Christopher Isherwood					
64	by Alan Ross					
64	by Goronwy Rees					
64	by George Mikes					
64	by John Mander					
64	by Peter Porter					
64	by John Gross					
64	by Anne Sexton	 Oliver Bernard				
64	by Robie MacAuley					
64	by William Letwin					
64	by Kathleen Nott					
64	by F.L. Carsten					
64	by Julius Gould					
64	by Naomi Lewis					
64	by P.N. Furbank					
64	by David S. Landes					
64	by Josef Brodsky	 Others				
64	by Richard Hofstadter					
64	by James Morris					
64	by Francis King					
64	by Iain Hamilton					
64	by Robert Conquest					
64	by John Gross					
64	by Andrew Forge	 David Sylvester				
64	by Zulfikar Ghose					
64	by Richard Rovere					
64	by H.J. Eysenck					
64	by Viktor Meier					
64	by Andrew Shonfield					
64	by Richard Mayne					
64	by David Marquand					
64	by Alasdair MacIntyre					
64	by William Walsh					
64	by Anthony Delius					
64	by Boris Pasternak					
64	by Frank Kermode					
64	by D.J. Enright					
64	by Seymour Martin Lipset					
64	by W.D. Snodgrass					
64	by Richard Mayne					
64	by Anthony Hartley					
64	by Anthony Hartley					
64	by John Weightman					
64	by F.R. Allemann					
64	by Francis Hope					
64	by Michael Hamburger					
64	by John Gross					
64	by Eric Rhode					
64	by Vernon Scannell					
64	by Keith Kyle					
64	by Mary McCarthy					
64	by Malcolm Bradbury					
64	by David Rokeah					
64	by Robert Lekachman					
64	by P.N. Furbank					
64	by Andrew Shonfield					
64	by Alastair Buchan					
64	by Richard Wollheim					
64	by Noel Annan					
64	by Bernard Levin					
64	by Anthony Hartley					
64	by Richard West					
64	by D.W. Brogan					
64	by Brian Crozier					
64	by Edward Shils					
64	by John Gross					
64	by John Russell					
64	by Alan Moorehead					
64	by Robie MacAuley					
64	by Stephen Spender					
64	by D.J. Enright					
64	by Anthony Burgess					
64	by Frank Kermode					
64	by Francis Hope					
64	by Mordecai Richler					
64	by Leo Labedz					
65	by Richard Lowenthal					
65	by Randall Jarrell					
65	by Bernard Bergonzi					
65	by John Kenneth Galbraith					
65	by Frank Tuohy					
65	by Colin Clark					
65	by W.S. Merwin					
65	by Sidney Hook					
65	by John Gross					
65	by William Plomer					
65	by Richard Hofstadter					
65	by Anthony Burgess					
65	by Asa Briggs					
65	by Dan Jacobson					
65	by P.N. Furbank					
65	by Chaim Bermant					
65	by Gunter Grass	 Uwe Johnson				
65	by John Stewart Carter					
65	by Richard Lowenthal					
65	by Richard Mayne					
65	by Brian Crozier					
65	by Philip Roberts					
65	by A. Alvarez					
65	by John Gross					
65	by John Brooke					
65	by Leonard Schapiro					
65	by H.J. Eysenck					
65	by Nicola Chiaromonte					
65	by Tony Tanner					
65	by David Rees					
65	by Kingsley Martin					
65	by Fritz Raddatz					
65	by Alexander Solzhenitsyn					
65	by Douglas Livingstone					
65	by Herbert Luethy					
65	by Charles Tomlinson					
65	by Albert Camus					
65	by Robert Creeley					
65	by Louis Kronenberger					
65	by Richard Eberhart					
65	by Pierre Schneider					
65	by John Gross					
65	by John Wain					
65	by Mary McCarthy					
65	by Philip French					
65	by Lionel Trilling					
65	by C.S. Lewis	 Kingsley Amis	 Brian Aldiss			
65	by Ignazio Silone					
65	by John Vaizey					
65	by George Lichtheim					
65	by Frank Kermode					
65	by Philip Toynbee					
65	by Anita Brookner					
65	by Iain Hamilton					
65	by Martin Dodsworth					
65	by George Mikes					
65	by Stephen Spender					
65	by Robert Creeley					
65	by Z.K. Brzezinski					
65	by Robert Musil					
65	by Robert Graves					
65	by Jon Silkin					
65	by Francis Haskell					
65	by Charles Tomlinson					
65	by Louis J. Halle					
65	by Alasdair MacIntyre					
65	by Michael Howard					
65	by Stuart Hood					
65	by Walter Laqueur					
65	by William Sansom					
65	by Michael Polanyi					
65	by Peter Ustinov					
65	by J.L. Talmon					
65	by Samuel Menashe					
65	by W.H. Auden					
65	by Alasdair MacIntyre					
65	by Howard Griffin					
65	by John Gross					
65	by Nikola Sop					
65	by Geoffrey Gorer					
65	by Leon Keyserling					
65	by Pieter Geyl					
65	by David Thomson					
65	by Michael Hamburger					
65	by Anthony Burgess					
65	by Julius Gould					
65	by Julian Moynahan					
65	by Paul Ignotus					
65	by Andrew Shonfield					
65	by Villy Sorensen					
65	by Nirad C. Chaudhuri					
65	by Raymond Aron					
65	by George Steiner					
65	by A. Alvarez					
65	by Martin Esslin					
65	by John Mander					
65	by Tony Tanner					
65	by Richard Mayne					
65	by' and Beyond					
65	by Anatole Shub					
65	by Lionel Trilling					
65	by Hugo Williams					
65	by Isaac Bashevis Singer					
65	by Ted Hughes					
65	by Jon Silkin					
65	by Norman Macrae					
65	by John Betjeman					
65	by Isaiah Berlin					
65	by Michael Bullock					
65	by Rosemary Tonks					
65	by Francis Hope					
65	by John Gross					
65	by Richard Ellmann					
65	by James Baldwin	 Colin MacInnes	 James Mossman			
65	by Mordecai Richler					
65	by Thom Gunn					
65	by Martin Dodsworth					
65	by Stevie Smith					
65	by Francis Haskell					
65	by Stephen Hugh-Jones					
65	by Brian Glanville					
65	by Gunter Zehm					
65	by W. Arthur Lewis					
65	by Anthony Thwaite					
65	by Thom Gunn					
65	by Frank Tuohy					
65	by Gavin Ewart					
65	by Andrew Shonfield					
65	by Isaiah Berlin					
65	by P.B. Medawar					
65	by D.J. Enright					
65	by Barbara Rose					
65	by David Posner					
65	by Edward Lucie-Smith					
65	by Irving Kristol	 Anthony Hartley				
65	by Philip Toynbee					
65	by Naomi Lewis					
65	by D.W. Brogan					
65	by Marcus Cunliffe					
65	by David Marquand					
65	by Walter Lippmann					
65	by John Mander					
65	by Juan Rulfo					
65	by James Morris					
65	by Albert O. Hirschman					
65	by Victor L. Urquidi					
65	by Keith Botsford					
65	by Arnold Toynbee					
65	by J.H. Elliott					
65	by Julian Pitt-Rivers					
65	by Alistair Hennessy					
65	by Emanuel de Kadt					
65	by S.E. Finer					
65	by Alastair Reid					
65	by Lawrence Alloway					
65	by Lewis Hanke					
65	by Jorge Luis Borges					
65	by Hugh O'Shaughnessy					
65	by Richard Morse					
65	by Emir Rodriguez Monegal					
65	by Malcolm Deas					
65	by John Wain					
65	by George Steiner					
65	by Charles Tomlinson					
65	by Andrew Shonfield					
65	by Louis J. Halle					
65	by Francis Wyndham					
65	by John Gross					
65	by H.J. Eysenck					
65	by Bryan Magee					
65	by Maurice Cranston					
65	by Richard Lowenthal					
65	by Julian Huxley					
65	by Brian Crozier					
65	by Christopher Sykes					
65	by David Daiches					
65	by John Gross					
65	by P.N. Furbank					
65	by Francois Bondy					
65	by Goronwy Rees					
65	by Robert Craft					
65	by J.M.G. Le Clezio					
65	by Edmund Leach					
65	by John Gross					
65	by Derek Jewell					
65	by J. Bronowski					
65	by Peter Lienhardt					
65	by Herbert Read					
65	by Kenneth Allsop					
65	by Shlomo Avineri					
65	by P.J. Honey					
65	by Tony Tanner					
65	by Matthew Hodgart					
65	by Eric Rhode					
65	by Alasdair MacIntyre					
65	by Peter Porter					
65	by Peter Weiss					
65	by Colin MacInnes					
65	by Gavin Ewart					
65	by Aelred Graham					
65	by Stephen Spender					
65	by John Bayley					
65	by Arthur Koestler					
65	by John Gross					
65	by Charles Tomlinson					
65	by D.J. Enright					
65	by W.G. Runciman					
65	by John Mander					
65	by Colin Legum	 Arthur Lewis				
65	by Jan Kott					
65	by Richard Mayne					
65	by Christopher Ricks					
65	by Alfred Kazin					
65	by Robert Lekachman					
65	by P.N. Furbank					
65	by Herbert Luethy					
66	by Edwin Muir					
66	by Robert McKenzie					
66	by Tayeb Salih					
66	by T.W. Adorno					
66	by David John Lines					
66	by E.H. Gombrich					
66	by Thomas Kinsella					
66	by Patrick Morgan					
66	by David Riesman					
66	by Edward Lucie-Smith					
66	by A.L. Rowse					
66	by James Morris					
66	by Richard Lowenthal					
66	by V.S. Naipaul					
66	by Michael Howard					
66	by D.W. Brogan					
66	by Anthony Hartley					
66	by Herbert Luethy					
66	by Leo Labedz	 Max Hayward				
66	by Eugene Ionesco					
66	by Hobart Myers					
66	by Robert McKenzie					
66	by Martin Turnell					
66	by David John Lines					
66	by Eric Rhode					
66	"by ""R."""					
66	by Donald Davie					
66	by Mary Ellmann					
66	by Frank Tuohy					
66	by Maurice Girodias					
66	by Angus Maude					
66	by Asa Briggs					
66	by David Marquand					
66	by G.R. Crone					
66	by Maurice Cranston					
66	by Vladimir Nabokov					
66	by David Caute					
66	by Robert Penn Warren					
66	by Jacques Barzun					
66	by Vernon Watkins					
66	"by ""R."""					
66	by Pierre Schneider					
66	by David Howell					
66	by Angus Maude					
66	by George Steiner					
66	by Z.A. Pelczynski					
66	by Michael Harrington					
66	by Hobart Myers					
66	by Frank Kermode					
66	by Irving Howe					
66	by Christopher Ricks					
66	by Francis Haskell					
66	by Lord Shawcross:Hartley William Shawcross					
66	by Abram Tertz					
66	by B.H. Liddell Hart					
66	by Leslie Fiedler					
66	"by ""R."""					
66	by George Steiner					
66	by Robert Oppenheimer					
66	by Nanos Valaoritis					
66	by Andrei Sinyavsky					
66	by Thomas Kinsella					
66	by John Wain					
66	by I.C. Jarvie					
66	by Michael Hamburger					
66	by Frank Kermode					
66	by Paul Fussell					
66	by J.B. Trapp					
66	by Leopold Labedz					
66	by John Le Carre					
66	by H.J. Eysenck					
66	by Gerald Scarfe	 Malcolm Muggeridge				
66	by Eugene Ionesco					
66	"by ""R."""					
66	by Stuart Hood					
66	by Robert Graves					
66	by Tom Driberg					
66	by Rita Hinden					
66	by Frank Kermode					
66	by Anthony Burgess					
66	by Robert Lekachman					
66	by Ivan Morris					
66	by Sidney Hook					
66	by Anthony Hartley					
66	by Michael Howard					
66	by Andrew Shonfield					
66	by Noel Annan					
66	by A.J. Ayer					
66	by Bernard Levin					
66	by Nadine Gordimer					
66	"by ""R."""					
66	by Joseph Frank					
66	by David Sylvester					
66	by Edward Lucie-Smith					
66	by Marcus Cunliffe					
66	by Leonard Schapiro					
66	by Irving Kristol					
66	by George Lichtheim					
66	by Frank Kermode					
66	by A.S. Byatt					
66	by Peter Brooks					
66	by Henry Fairlie					
66	by John Mander					
66	by Don Cook					
66	by John Montague					
66	by Olivia Manning					
66	by Seamus Deane					
66	Max Beloff					
66	by Frank Kermode					
66	"by ""R."""					
66	by Daniel Hoffman					
66	by Louis Kronenberger					
66	by John Weightman					
66	by John Haag					
66	by Terence Prittie					
66	by David Sylvester					
66	by Iris Murdoch					
66	by Christopher Ricks					
66	by Anthony Burgess					
66	by A.S. Byatt					
66	by Alastair Buchan					
66	by Anthony Hartley					
66	by Francois Bondy					
66	by Paul Niven					
66	by Alan Brownjohn					
66	by Richard Mayne					
66	by Erich Fried					
66	by Steven Marcus					
66	by Rosemary Tonks					
66	by Cesare Pavese					
66	by Charles Tomlinson					
66	by Konrad Lorenz					
66	"by ""R."""					
66	by John Weightman					
66	by Anne Stevenson					
66	by George Steiner					
66	by Stanley Moss					
66	by Martin Jarrett-Kerr					
66	by Martin Esslin					
66	by Richard Hoggart					
66	by Tony Tanner					
66	by Colin Falck					
66	by Frank Kermode					
66	by Clifford Geertz	 Herbert Luethy				
66	by Wallace Kaufman					
66	by W.H. Auden					
66	by Charles Tomlinson					
66	by Lewis Mumford					
66	by Thomas Kinsella					
66	by Robert Penn Warren					
66	by Konrad Lorenz					
66	by George Seferis					
66	"by ""R."""					
66	by John Weightman					
66	by Terence Prittie					
66	by Paul Blanshard					
66	by Alan Watkins					
66	by A.S. Byatt					
66	by Denis Donoghue					
66	by Marcus Cunliffe					
66	by Anthony Hartley					
66	by Patricia Beer					
66	by Mihajlo Mihajlov					
66	by D.J. Gordon					
66	by Peter Porter					
66	by Lord Chalfont					
66	by Wallace Stevens					
66	by David Rokeah					
66	by Seymour Martin Lipset					
66	by Nicholas Snowden Willey					
66	by Ralph Robin					
66	by Dannie Abse					
66	by Theodore Roethke					
66	by Robert Conquest					
66	"by ""R."""					
66	by John Weightman					
66	by Francis Hope					
66	by Peter Fryer					
66	by Frances Yates					
66	by Isabel Quigly					
66	by Anthony Hartley					
66	by Arnold Wesker					
66	by Arthur Schlesinger					
66	by Stephen Spender					
66	by Mary McCarthy					
66	by Isaiah Berlin					
66	by D.J. Enright					
66	"by ""R."""					
66	by John Wain					
66	by Aristide R. Zolberg					
66	by Philip Levine					
66	by John Weightman					
66	by Philip French					
66	by Frank Kermode					
66	by Denis Donoghue					
66	by John Le Carre					
66	by Frank Tuohy					
66	by John K. Fairbank					
66	by Robert A. Scalapino					
66	by D.J. Enright					
66	by Girilal Jain					
66	by Stanley Karnow					
66	by Tom Harrisson					
66	by Francis Watson					
66	by Zulfikar Ghose					
66	by Ivan Morris					
66	by Richard Harris					
66	by Alastair Buchan					
66	by Maurice Zinkin					
66	by D.J. Duncanson					
66	by Gavin Young					
66	by Robert Lowell	 Sidney Nolan				
66	by P.B. Medawar					
66	by K.W. Gransden					
67	by Sigmund Freud	 W.C. Bullitt				
67	by Henry Fairlie					
67	by D.M. Thomas					
67	by Edward Shils					
67	by Karen Gershon					
67	"by ""R."""					
67	by Lawrence Durrell					
67	by David Lodge					
67	by Frank Kermode					
67	by Philip Hobsbaum					
67	by Anthony Hartley					
67	by Henry Miller					
67	by Raymond Aron					
67	by Ihab Hassan					
67	by Maurice Cranston					
67	by G.S. Fraser					
67	by Sigmund Freud	 W.C. Bullitt				
67	by Kathleen Spivack					
67	by Samuel Beckett					
67	by Nicholas Snowden Willey					
67	by Anatole Shub					
67	by John Pudney					
67	by George Steiner					
67	"by ""R."""					
67	by Peter Davison					
67	by Maurice Cranston					
67	by John Weightman					
67	Kenneth Allsop					
67	by Terence Prittie					
67	by Anthony Burgess					
67	by A.S. Byatt					
67	by Bernard Bergonzi					
67	by John Mander					
67	by K.A. Jelenski					
67	by J.G. Ballard					
67	by John Cotton					
67	by Henry Kamen					
67	by Lawrence Durrell					
67	by Frank Norman					
67	by Jeffrey Hamm					
67	"by ""R."""					
67	by Shlomo Avineri					
67	by Harold Clurman					
67	by Harold Rosenberg					
67	by Thomas Kinsella					
67	by Peter Fryer					
67	by Paul Blanshard					
67	by Jay Blumler					
67	by Frank Kermode					
67	by Marshall McLuhan					
67	by K.W. Gransden					
67	by Colin Falck					
67	by Malcolm Bradbury					
67	by Alasdair MacIntyre					
67	John Hart Ely					
67	by Richard Lowenthal					
67	by Henry Miller					
67	"by ""R."""					
67	by Lindy Murray					
67	by Clifford Geertz					
67	by Gavin Ewart					
67	by Andrei Sinyavsky					
67	by Hugo Burghauser					
67	by Keith Bosley					
67	by George Kennan:George F. Kennan					
67	by Robert Friend					
67	by D.W. Brogan					
67	by Colin MacInnes					
67	by Roy Fuller					
67	by Christopher Layton					
67	by Philip Rieff					
67	by Edward Lowbury					
67	by H.R. Trevor-Roper					
67	by D.J. Enright					
67	"by ""R."""					
67	by Geoffrey Grigson					
67	by John Weightman					
67	by Michael Longley					
67	by Arnold Toynbee					
67	by Hans Morgenthau					
67	by Rita Hinden					
67	by Mordecai Richler					
67	by S.M. Stern					
67	by C. Day Lewis					
67	by George Steiner					
67	by Frank Kermode					
67	by Paul Fussell					
67	by Bernard Bergonzi					
67	by D.M. Thomas					
67	by Anatole Shub					
67	by Jascha Kessler					
67	by Andrew Shonfield					
67	by Nicholas Snowden Willey					
67	by H.R. Trevor-Roper					
67	by George MacBeth					
67	by Diana Trilling					
67	by Glyn Hughes					
67	"by ""R."""					
67	by Gerald Emanuel Stearn					
67	by Keith Bosley					
67	by John Weightman					
67	by Lindy Murray					
67	by H.J. Stehle					
67	by Geoffrey Gorer					
67	by Peter Brooks					
67	by Hugh Seton-Watson					
67	by Denis Donoghue					
67	by Paul Merchant					
67	by Edward Shils					
67	by Harry Kessler					
67	by Maurice Cranston					
67	by Philip Hobsbaum					
67	"by ""R."""					
67	by Richard Ellmann					
67	by Alan Brownjohn					
67	by John Weightman					
67	by Lindy Murray					
67	by Richard Mayne					
67	by Peter Heyworth					
67	by Edward Lucie-Smith					
67	by Donald Thomas:Donald Michael Thomas					
67	by J.W. Lambert					
67	by Kenneth Allsop					
67	by Raymond Aron					
67	by John Wain					
67	by Marcus Cunliffe					
67	by Alastair Buchan					
67	by Harry Kessler					
67	by Henry Fairlie					
67	"by ""R."""					
67	by Vernon Watkins					
67	by Nicola Chiaromonte					
67	by Eric Rhode					
67	by Herbert Gold					
67	by Anthony Hartley					
67	by Denis de Rougemont					
67	by Rosemary Tonks					
67	by Anthony Burgess					
67	by D.W. Brogan					
67	by Alasdair MacIntyre					
67	by Bernard Bergonzi					
67	by John Mander					
67	by Lindy Murray					
67	John Osborne					
67	Herbert Read					
67	Dannie Abse					
67	Colin Wilson					
67	Constantine FitzGibbon					
67	David Daiches					
67	Hans J. Morgenthau					
67	Edna O'Brien					
67	Robert Ardrey					
67	Nirad C. Chaudhuri					
67	John Mander					
67	Max Beloff					
67	Tibor Szamuely					
67	Kingsley Amis					
67	James Cameron					
67	by Craig Powell					
67	by Harry Kessler					
67	by Colin MacInnes					
67	by Vernon Watkins					
67	by Nigel Dennis					
67	by John Weightman					
67	by Larry Rubin					
67	by Michael Adams					
67	by Stanley Henig					
67	by Peter Black					
67	by James Stern					
67	by Ernest Nagel					
67	by D.J. Enright					
67	by G.S. Fraser					
67	by Colin Welch					
67	by Nirad C. Chaudhuri					
67	by LordFrancis-Williams:Edward Francis Williams					
67	by Robert Penn Warren					
67	by Peter Fryer					
67	by Richard Lowenthal					
67	by Alan Brownjohn					
67	by Laurence Lerner					
67	by Laurence Housman					
67	by Edward Weismiller					
67	"by ""R."""					
67	Robert Bolt					
67	Frederic Raphael					
67	Robert Conquest					
67	James Morris					
67	Anthony Hartley					
67	by Kathleen Raine					
67	by James Q. Wilson					
67	by Arnold J. Toynbee	 J.L. Talmon				
67	by Denis Donoghue					
67	by D.J. Enright					
67	by Max Beloff					
67	by Cecil Hourani					
67	by Seamus Deane					
67	by Nathan Glazer					
67	by Rosemary Tonks					
67	by Melvin J. Lasky					
67	by Ralph Robin					
67	by R.E. Goold					
67	by Bernard Lewis					
67	"by ""R."""					
67	by Giuseppe Giusti					
67	by Richard Lowenthal					
67	by Charles Tomlinson					
67	by D.W. Brogan					
67	by Alasdair Clayre					
67	by Drop					
67	by Henry Popkin					
67	by Tony Connor					
67	by Christopher Driver					
67	by Pablo Neruda					
67	by James Morris					
67	by Gore Vidal					
67	"by ""R."""					
67	by Peter Gay					
67	by Eric Rhode					
67	by Daniel Huws					
67	by Gordon Rattray Taylor					
67	by Jeffrey Hamm					
67	by Ernest van den Haag					
67	by Arthur Seldon					
67	by Louis J. Halle					
67	by Arthur Schlesinger					
67	by Anthony Burgess					
67	by Maurice Cranston					
67	by Ronald Hayman					
68	by Alastair Buchan					
68	by Robert Penn Warren					
68	by Zbigniew Brzezinski					
68	by Dennis Silk					
68	by Luigi Barzini					
68	by Michael M. Postan					
68	"by ""R."""					
68	by Herbert Read					
68	by Robert Nye					
68	by Andrew Shonfield					
68	by B.H. Liddell Hart					
68	by Gunter Grass					
68	by Alberto Moravia					
68	by Anthony Burgess					
68	by Michael Frayn					
68	by Max Beloff					
68	by Bernard Lewis					
68	by Anthony Thwaite					
68	by John Mander					
68	by B.H. Liddell Hart					
68	by Amos Elon					
68	by James Morris					
68	by David Marquand					
68	by John Marlowe					
68	by Nora Beloff					
68	by M.A. Shaban					
68	by Christopher Sykes					
68	by Walter Laqueur					
68	by B.S. Johnson					
68	"by ""R."""					
68	by Michael Howard					
68	by Yehuda Amichai					
68	by Nigel Dennis					
68	by John Vaizey					
68	by John Morgan					
68	by Kathleen Nott					
68	by John Beavan					
68	by David Lodge					
68	by Ignazio Silone					
68	by Freya Stark					
68	by Jeremy Robson					
68	by Louis Halle					
68	by Slawomir Mrozek					
68	"by ""R."""					
68	by John Kenneth Galbraith					
68	by Martin Esslin					
68	by Yehuda Amichai					
68	by Pierre Schneider					
68	by Nicholas Snowden Willey					
68	by J.W. Lambert					
68	by Horace Judson					
68	by Stanley Henig					
68	by Heike Doutine					
68	by Goronwy Rees					
68	by Jeremy Isaacs					
68	by Affair					
68	by Ignazio Silone					
68	by Leslie Fiedler					
68	by Nicholas Snowden Willey					
68	by Vernon Scannell					
68	by Philip Mason					
68	"by ""R."""					
68	by Nigel Dennis					
68	by Kai Hermann					
68	by John Holloway					
68	by Alastair Buchan					
68	by George Mikes					
68	by D.W. Brogan					
68	by Holmes Welch					
68	by Michael Beloff					
68	by Hagiwara Sakutaro					
68	by Colin Clark					
68	by Daniel Cory					
68	"by ""R."""					
68	by Yehuda Amichai					
68	by Douglas Oliver					
68	by Muriel Spark					
68	by Harry G. Johnson	 Michael Stewart				
68	by Henry Fairlie					
68	by Philip Thody					
68	by Alasdair MacIntyre					
68	by D.J. Enright					
68	by Christopher Sykes					
68	by Goronwy Rees					
68	by Charles Tomlinson					
68	by Louis Blom-Cooper					
68	by Henry Fairlie					
68	by Raymond Aron					
68	by David Thomson					
68	"by ""R."""					
68	by Jeffrey Hamm					
68	by Nicholas Snowden Willey					
68	by Maurice Cranston					
68	by John Weightman					
68	by Kevin Crossley-Holland					
68	by Vernon Bogdanor					
68	by Alfred Grosser					
68	by Theo Sommer					
68	Arthur Miller					
68	Gunter Grass					
68	Graham Greene					
68	by Jon Stallworthy					
68	by Anthony Hartley					
68	by Max Beloff					
68	by Anthony Burgess					
68	by Richard Mayne					
68	by Francois Bondy					
68	by Randolph Churchill					
68	D. W. Brogan					
68	by Nicola Chiaromonte					
68	by Max Beloff					
68	by Golo Mann					
68	by Arnold Beichman					
68	by George Santayana					
68	by Richard Mayne					
68	by Raymond Aron					
68	by Anna Kavan					
68	by Christopher Scaife					
68	"by ""R."""					
68	by Vernon Scannell					
68	by John Weightman					
68	by Peter Wiles					
68	by James D. Watson</i></span> <ol class=					
68	by D.J. Enright					
68	by Ronald Hayman					
68	by Malcolm Bradbury					
68	by Anatole Shub					
68	by Theodore Draper					
68	by Ralph Robin					
68	by Raymond Aron					
68	"by ""R."""					
68	by Bailey					
68	by David Holbrook					
68	by Keith Bosley					
68	by John Weightman					
68	by Daniel Huws					
68	by Peter Heyworth					
68	by David Marquand					
68	by Sidney Hook					
68	by Seymour Martin Lipset					
68	by John Holloway					
68	by Richard Mayne					
68	by Melvin J. Lasky					
68	by John Mander					
68	by Kingsley Amis					
68	by D.J. Enright					
68	by Edoardo Sanguineti					
68	by Nicholas Snowden Willey					
68	by Nigel Dennis					
68	by Hagiwara Sakutaro					
68	by D.M. Thomas					
68	by Eugene Ionesco					
68	by Leo Rosten					
68	by Richard Mayne					
68	"by ""R."""					
68	by Alexander Baird					
68	by John Weightman					
68	by Bruce Mazlish					
68	by John Vaizey					
68	by Kai Hermann					
68	by Raymond Aron					
68	by Martin Esslin					
68	by Neville Braybrooke					
68	by Brian Wicker					
68	by Colin MacInnes					
68	by Maurice Cranston					
68	by Seamus Deane					
68	by M.M. Postan					
68	by Walter Kaufmann					
68	by Nathan Glazer					
68	by William Sansom					
68	by Melvin J. Lasky					
68	by Edward Lucie-Smith					
68	by James Morris					
68	by Charles Tomlinson					
68	by Nigel Dennis					
68	by Hagiwara Sakutaro					
68	by Michael Beloff					
68	by James Wellard					
68	by Donald Davie					
68	by T.S. Matthews					
68	by Maurice Cranston					
68	by David Rees					
68	by Francis Watson					
68	by Robert Conquest					
68	by Zbigniew Brzezinski					
68	by Nigel Dennis					
68	by Blaise Cendrars					
68	by Hagiwara Sakutaro					
68	by Arnold Rockman					
68	"by ""R."""					
68	by Vernon Scannell					
68	by Clifford Taylor					
68	by Nicholas Snowden Willey					
68	by Anthony Hartley					
68	by Christopher Driver					
68	by Amnon Rubinstein					
68	by Golo Mann					
68	by Michael Edwardes					
68	by D.W. Brogan					
68	by Kai Hermann					
68	by Blaise Cendrars					
68	by Lewis S. Feuer					
68	by Hagiwara Sakutaro					
68	by Arthur Koestler					
68	by Nigel Dennis					
68	by Christopher Sykes					
68	"by ""R."""					
68	by John Weightman					
68	by John Holloway					
68	by H.S. Marchant					
68	by Ignazio Silone					
68	by Raymond Aron					
68	by John Wain					
68	by D.W. Brogan					
68	by Anthony Hartley					
68	by James Wellard					
